,name_id,defect_rate,term,name,sex,party,partyGroup,areaName,onboardDate,leaveFlag,leaveDate,leaveReason,party_num,party_group_num,birth_date,age,place_of_birth,degree,incumbent,valid_votes,total_votes,electorate,pop,electorate_over_pop_pct,total_votes_over_electorate_pct,elected_over_cands_pct,vote,vote_over_total_votes_pct,vote_margin,vote_over_total_votes_pct_margin,constituency,tier,lnpopudensity,experience,defect_date,defect_period,president,vice_president
0,3,0.17498138495904692,9,何欣純,2,民主進步黨,民主進步黨,臺中市第7選舉區,2016-02-01,否,,,16,16,1973-12-18,42,臺中市,5,1,188823,191970,288794,372245,77.58,66.47,33.33,119098,63.07,52917,28.03,臺中市7,1,8.328047752380371,1,,,0,0
1,5,0.10349962769918093,9,余宛如,2,民主進步黨,民主進步黨,全國不分區及僑居國外國民,2016-02-01,否,,,16,16,1980-06-11,35,臺北市,4,2,,,,,,,,,,,,全國不分區及僑居國外國民,2,,0,,,0,0
2,9,0.1913626209977662,9,劉世芳,2,民主進步黨,民主進步黨,高雄市第3選舉區,2016-02-01,否,,,16,16,1959-08-13,56,臺北市,5,2,191111,193945,289344,371644,77.86,67.03,20.0,102255,53.5,28463,14.89,高雄市3,1,8.974637985229492,1,,,0,0
3,10,0.26358897989575575,9,劉建國,1,民主進步黨,民主進步黨,雲林縣第2選舉區,2016-02-01,否,,,16,16,1969-03-09,46,臺灣省,4,1,177663,180972,283296,353065,80.24,63.88,25.0,121114,68.17,74620,42.010000000000005,雲林縣2,1,6.439717769622803,2,,,0,0
4,16,0.28369322412509307,9,吳思瑤,2,民主進步黨,民主進步黨,臺北市第1選舉區,2016-02-01,否,,,16,16,1974-05-28,41,新北市,5,2,188807,190937,275449,332274,82.9,69.32,20.0,95951,50.81,13302,7.039999999999999,臺北市1,1,8.410959243774414,0,,,0,0
5,22,0.19955323901712585,9,吳焜裕,1,民主進步黨,民主進步黨,全國不分區及僑居國外國民,2016-02-01,否,,,16,16,1959-02-20,56,臺灣省,6,2,,,,,,,,,,,,全國不分區及僑居國外國民,2,,0,,,0,0
6,23,0.18391660461653014,9,吳玉琴,2,民主進步黨,民主進步黨,全國不分區及僑居國外國民,2016-02-01,否,,,16,16,1964-08-15,51,臺灣省,5,2,,,,,,,,,,,,全國不分區及僑居國外國民,2,,0,,,0,0
7,25,0.018615040953090096,9,吳秉叡,1,民主進步黨,民主進步黨,新北市第4選舉區,2016-02-01,否,,,16,16,1966-10-07,49,臺灣省,5,1,185313,190135,282373,358137,78.84,67.33,14.29,116723,62.98,62236,33.58,新北市4,1,9.87725067138672,2,,,0,0
8,28,0.22710349962769918,9,呂孫綾,2,民主進步黨,民主進步黨,新北市第1選舉區,2016-02-01,否,,,16,16,1988-03-12,27,臺北市,5,2,206924,211826,322726,408515,79.0,65.64,16.67,110243,53.27,25661,12.400000000000006,新北市1,1,7.352620601654053,0,,,0,0
9,33,0.045420699925539834,9,周春米,2,民主進步黨,民主進步黨,全國不分區及僑居國外國民,2016-02-01,否,,,16,16,1966-11-01,49,臺灣省,4,2,,,,,,,,,,,,全國不分區及僑居國外國民,2,,0,,,0,0
10,38,0.08265078183172003,9,尤美女,2,民主進步黨,民主進步黨,全國不分區及僑居國外國民,2016-02-01,否,,,16,16,1955-01-29,60,臺灣省,5,1,,,,,,,,,,,,全國不分區及僑居國外國民,2,,1,,,0,0
11,46,0.04690990320178704,9,張宏陸,1,民主進步黨,民主進步黨,新北市第6選舉區,2016-02-01,否,,,16,16,1972-01-10,44,臺中市,5,2,146775,149096,215111,265272,81.09,69.31,11.11,77223,52.61,19173,13.060000000000002,新北市6,1,10.170262336730955,0,,,0,0
12,47,0.2717795979151154,9,張廖萬堅,1,民主進步黨,民主進步黨,臺中市第4選舉區,2016-02-01,否,,,16,16,1965-02-09,50,臺中市,5,2,190716,194122,287435,382966,75.05,67.54,16.67,100649,52.77,30525,16.010000000000005,臺中市4,1,8.55213928222656,0,,,0,0
13,64,0.17691154422788605,9,施義芳,1,民主進步黨,民主進步黨,全國不分區及僑居國外國民,2016-05-26,否,,,16,16,1962-02-10,53,臺灣省,5,2,,,,,,,,,,,,全國不分區及僑居國外國民,2,,0,,,0,0
14,71,0.09828741623231571,9,李俊俋,1,民主進步黨,民主進步黨,嘉義市選舉區,2016-02-01,否,,,16,16,1965-07-06,50,臺灣省,5,1,137097,139544,208988,269404,77.57,66.77,25.0,73965,53.95,25072,18.290000000000006,嘉義市,1,8.424968719482422,1,,,0,0
15,80,0.3075204765450484,9,李昆澤,1,民主進步黨,民主進步黨,高雄市第6選舉區,2016-02-01,否,,,16,16,1964-04-29,51,臺灣省,5,1,142504,144307,210687,263893,79.84,68.49,33.33,83986,58.93,27297,19.15,高雄市6,1,9.942572593688965,2,,,0,0
16,86,0.041979010494752625,9,李麗芬,2,民主進步黨,民主進步黨,全國不分區及僑居國外國民,2016-05-26,否,,,16,16,1968-12-20,47,臺灣省,4,2,,,,,,,,,,,,全國不分區及僑居國外國民,2,,0,,,0,0
17,89,0.31943410275502604,9,林俊憲,1,民主進步黨,民主進步黨,臺南市第4選舉區,2016-02-01,否,,,16,16,1965-03-07,50,臺南市,5,2,199166,202319,301713,378454,79.72,67.06,16.67,117302,58.89,52650,26.43,臺南市4,1,9.0323486328125,0,,,0,0
18,93,0.2509307520476545,9,林岱樺,2,民主進步黨,民主進步黨,高雄市第4選舉區,2016-02-01,否,,,16,16,1972-08-04,43,高雄市,5,1,162473,166337,248774,304795,81.62,66.86,33.33,122722,75.53,85011,52.32,高雄市4,1,7.536966323852539,4,,,0,0
19,102,0.29486224869694716,9,林淑芬,2,民主進步黨,民主進步黨,新北市第2選舉區,2016-02-01,否,,,16,16,1973-01-17,42,臺灣省,1,1,179356,183736,274711,347738,79.0,66.88,50.0,123299,68.74,67242,37.489999999999995,新北市2,1,9.711467742919922,3,,,0,0
20,108,0.0960536113179449,9,林靜儀,2,民主進步黨,民主進步黨,全國不分區及僑居國外國民,2016-02-01,否,,,16,16,1974-02-12,41,臺灣省,5,2,,,,,,,,,,,,全國不分區及僑居國外國民,2,,0,,,0,0
21,112,0.023827252419955324,9,柯建銘,1,民主進步黨,民主進步黨,新竹市選舉區,2016-02-01,否,,,16,16,1951-09-08,64,臺灣省,4,1,219311,222206,324395,429915,75.46,68.5,10.0,90642,41.33,10691,4.8799999999999955,新竹市,1,8.345541000366211,7,,,0,0
22,121,0.05956813104988831,9,段宜康,1,民主進步黨,民主進步黨,全國不分區及僑居國外國民,2016-02-01,否,,,16,16,1963-11-14,52,臺北市,4,1,,,,,,,,,,,,全國不分區及僑居國外國民,2,,2,,,0,0
23,124,0.15934475055845124,9,江永昌,1,民主進步黨,民主進步黨,新北市第8選舉區,2016-02-01,否,,,16,16,1969-10-22,46,新北市,5,2,187345,193586,282028,342980,82.23,68.64,16.67,100543,53.66,24805,13.239999999999995,新北市8,1,9.96938705444336,0,,,0,0
24,131,0.1720029784065525,9,洪宗熠,1,民主進步黨,民主進步黨,彰化縣第3選舉區,2016-02-01,否,,,16,16,1969-01-27,46,臺灣省,5,2,169585,173540,270227,336417,80.33,64.22,20.0,75609,44.58,6161,3.6299999999999955,彰化縣3,1,6.760020732879639,0,,,0,0
25,147,0.10796723752792256,9,王榮璋,1,民主進步黨,民主進步黨,全國不分區及僑居國外國民,2016-02-01,否,,,16,16,1964-05-28,51,高雄市,2,2,,,,,,,,,,,,全國不分區及僑居國外國民,2,,1,,,0,0
26,157,0.24944154877140728,9,管碧玲,2,民主進步黨,民主進步黨,高雄市第5選舉區,2016-02-01,否,,,16,16,1956-12-09,59,臺中市,6,1,148903,151450,221204,270663,81.73,68.47,25.0,88506,59.43,31034,20.839999999999996,高雄市5,1,9.368345260620115,3,,,0,0
27,164,0.16008935219657483,9,羅致政,1,民主進步黨,民主進步黨,新北市第7選舉區,2016-02-01,否,,,16,16,1964-11-17,51,臺灣省,6,2,153966,156437,224631,284858,78.86,69.64,25.0,82544,53.61,21199,13.769999999999996,新北市7,1,10.170262336730955,0,,,0,0
28,168,0.20253164556962025,9,莊瑞雄,1,民主進步黨,民主進步黨,屏東縣第3選舉區,2016-02-01,否,,,16,16,1963-04-20,52,臺灣省,5,1,125661,127895,201649,247434,81.5,63.42,20.0,67260,53.52,25937,20.64,屏東縣3,1,6.291550636291504,1,,,0,0
29,171,0.15711094564408043,9,葉宜津,2,民主進步黨,民主進步黨,臺南市第1選舉區,2016-02-01,否,,,16,16,1960-08-21,55,臺南市,5,1,165458,171018,272907,327964,83.21,62.67,25.0,117842,71.22,81158,49.05,臺南市1,1,6.267124652862549,5,,,0,0
30,175,0.2956068503350707,9,蔡培慧,2,民主進步黨,民主進步黨,全國不分區及僑居國外國民,2016-02-01,否,,,16,16,1971-09-02,44,臺灣省,6,2,,,,,,,,,,,,全國不分區及僑居國外國民,2,,0,,,0,0
31,177,0.20029784065524944,9,蔡易餘,1,民主進步黨,民主進步黨,嘉義縣第1選舉區,2016-02-01,否,,,16,16,1981-03-14,34,臺灣省,4,2,136831,139952,201665,243252,82.9,69.4,33.33,72469,52.96,10293,7.530000000000001,嘉義縣1,1,6.185158729553223,0,,,0,0
32,180,0.2673119880863738,9,蔡適應,1,民主進步黨,民主進步黨,基隆市選舉區,2016-02-01,否,,,16,16,1973-06-14,42,臺北市,5,2,189869,192247,298947,363090,82.33,64.31,25.0,78707,41.45,10075,5.310000000000002,基隆市,1,8.471088409423828,0,,,0,0
33,187,0.25763216679076695,9,蕭美琴,2,民主進步黨,民主進步黨,花蓮縣選舉區,2016-02-01,否,,,16,16,1971-08-07,44,其他,5,1,117594,120122,198114,240031,82.54,60.63,25.0,63231,53.77,11983,10.190000000000005,花蓮縣,1,6.184973239898682,3,,,0,0
34,190,0.18689501116902457,9,蘇巧慧,2,民主進步黨,民主進步黨,新北市第5選舉區,2016-02-01,否,,,16,16,1976-04-05,39,臺北市,5,2,164381,166321,244030,312730,78.03,68.16,33.33,92237,56.11,25223,15.350000000000001,新北市5,1,9.179351806640623,0,,,0,0
35,191,0.2903946388682055,9,蘇治芬,2,民主進步黨,民主進步黨,雲林縣第1選舉區,2016-02-01,否,,,16,16,1953-07-10,62,臺灣省,2,2,162634,167757,279736,344461,81.21,59.97,33.33,87378,53.72,17764,10.920000000000002,雲林縣1,1,6.241756439208984,1,,,0,0
36,193,0.29635145197319435,9,蘇震清,1,民主進步黨,民主進步黨,屏東縣第1選舉區,2016-02-01,否,,,16,16,1965-02-02,50,臺灣省,5,1,145572,150291,228120,274836,83.0,65.88,50.0,101894,69.99,58216,39.989999999999995,屏東縣1,1,6.051806926727295,2,,,0,0
37,195,0.2099776619508563,9,許智傑,1,民主進步黨,民主進步黨,高雄市第8選舉區,2016-02-01,否,,,16,16,1966-01-05,50,臺灣省,5,1,186488,190025,281637,353170,79.75,67.47,14.29,110276,59.13,51309,27.520000000000003,高雄市8,1,9.422904014587402,1,,,0,0
38,212,0.20402084884586746,9,賴瑞隆,1,民主進步黨,民主進步黨,高雄市第9選舉區,2016-02-01,否,,,16,16,1973-11-15,42,臺灣省,5,2,166516,169350,250192,308478,81.11,67.69,25.0,100862,60.57,43516,26.14,高雄市9,1,8.7794189453125,0,,,0,0
39,214,0.41474311243484735,9,趙天麟,1,民主進步黨,民主進步黨,高雄市第7選舉區,2016-02-01,否,,,16,16,1973-03-08,42,臺北市,5,1,160696,163146,239787,287880,83.29,68.04,20.0,97228,60.5,42459,26.42,高雄市7,1,9.73849868774414,1,,,0,0
40,217,0.2903946388682055,9,邱志偉,1,民主進步黨,民主進步黨,高雄市第2選舉區,2016-02-01,否,,,16,16,1972-07-24,43,臺灣省,6,1,175247,178539,256424,316584,81.0,69.63,20.0,110819,63.23,49633,28.32,高雄市2,1,7.3627848625183105,1,,,0,0
41,231,0.08860759493670886,9,鄭寶清,1,民主進步黨,民主進步黨,桃園市第4選舉區,2016-02-01,否,,,16,16,1955-01-10,61,桃園市,6,2,172666,175561,261773,344060,76.08,67.07,50.0,86413,50.04,160,0.0899999999999963,桃園市4,1,9.384157180786133,2,,,0,0
42,235,0.0387192851824274,9,鄭運鵬,1,民主進步黨,民主進步黨,桃園市第1選舉區,2016-02-01,否,,,16,16,1973-06-02,42,臺北市,4,2,181899,184338,277449,364797,76.06,66.44,33.33,85955,47.25,5813,3.200000000000003,桃園市1,1,8.566106796264648,1,,,0,0
43,239,0.2092330603127327,9,鍾佳濱,1,民主進步黨,民主進步黨,屏東縣第2選舉區,2016-02-01,否,,,16,16,1965-02-23,50,高雄市,5,2,145019,147421,213023,260943,81.64,69.2,50.0,76204,52.54,7389,5.089999999999996,屏東縣2,1,7.398841381072998,0,,,0,0
44,240,0.08488458674609084,9,鍾孔炤,1,民主進步黨,民主進步黨,全國不分區及僑居國外國民,2016-02-01,否,,,16,16,1956-11-14,59,臺灣省,2,2,,,,,,,,,,,,全國不分區及僑居國外國民,2,,0,,,0,0
45,251,0.2285927029039464,9,陳明文,1,民主進步黨,民主進步黨,嘉義縣第2選舉區,2016-02-01,否,,,16,16,1954-05-13,61,臺灣省,4,1,135833,141024,223450,271083,82.43,63.11,33.33,88538,65.18,45259,33.32000000000001,嘉義縣2,1,5.803024291992188,3,,,0,0
46,257,0.30007446016381234,9,陳歐珀,1,民主進步黨,民主進步黨,宜蘭縣選舉區,2016-02-01,否,,,16,16,1962-10-12,53,臺灣省,5,1,224281,229244,357077,441410,80.89,64.2,12.5,120393,53.67,57026,25.42,宜蘭縣,1,7.031970977783203,1,,,0,0
47,261,0.4355919583023083,9,陳瑩,2,民主進步黨,民主進步黨,平地原住民,2016-02-01,否,,,16,16,1972-11-15,43,臺灣省,5,2,,,,,,,,,,,,平地原住民,3,,2,,,0,0
48,267,0.11243484735666419,9,陳素月,2,民主進步黨,民主進步黨,彰化縣第4選舉區,2016-02-01,否,,,16,16,1966-01-18,49,臺灣省,5,1,166885,171026,260906,327622,79.64,65.55,50.0,95518,57.23,24151,14.469999999999999,彰化縣4,1,7.304401397705078,1,,,0,0
49,268,0.20327624720774387,9,陳賴素美,2,民主進步黨,民主進步黨,桃園市第2選舉區,2016-02-01,否,,,16,16,1964-01-10,52,臺灣省,4,2,178988,182056,271280,349758,77.56,67.11,16.67,89792,50.16,13319,7.439999999999998,桃園市2,1,6.87086296081543,0,,,0,0
50,289,0.08413998510796723,9,黃國書,1,民主進步黨,民主進步黨,臺中市第6選舉區,2016-02-01,否,,,16,16,1964-01-03,52,臺灣省,5,1,171732,174693,258303,329442,78.41,67.63,33.33,95725,55.74,26114,15.21,臺中市6,1,9.723369598388672,1,,,0,0
51,294,0.1377513030528667,9,黃秀芳,2,民主進步黨,民主進步黨,彰化縣第2選舉區,2016-02-01,否,,,16,16,1971-11-10,44,臺灣省,4,2,162471,165026,237921,302973,78.53,69.36,14.29,73227,45.07,8207,5.060000000000002,彰化縣2,1,7.518308639526367,0,,,0,0
0,1,0.16252821670428894,10,伍麗華Saidhai‧Tahovecahe,2,民主進步黨,民主進步黨,山地原住民選舉區,2020-02-01,否,,,16,16,1969-08-12,50,高雄市,5,2,,,,,,,,,,,,山地原住民,4,,0,,,0,0
1,2,0.011286681715575621,10,何志偉,1,民主進步黨,民主進步黨,臺北市第2選舉區,2020-02-01,否,,,16,16,1982-05-14,37,其他國家,5,1,196683,202135,265434,321161,82.65,76.15,16.67,123652,62.87,54985,27.96,臺北市2,1,8.361663895067101,1,,,0,0
2,3,0.11851015801354402,10,何欣純,2,民主進步黨,民主進步黨,臺中市第7選舉區,2020-02-01,否,,,16,16,1973-12-18,46,臺中市,5,1,236237,240505,319162,400978,79.6,75.36,20.0,149538,63.3,69538,29.439999999999998,臺中市7,1,7.665355039486815,2,,,0,0
3,4,0.35553047404063204,10,余天,1,民主進步黨,民主進步黨,新北市第3選舉區,2020-02-01,否,,,16,16,1948-03-01,71,臺灣省,2,1,196702,200102,262709,314369,83.57,76.17,14.29,90022,45.77,26190,13.32,新北市3,1,9.817843603826516,2,,,0,0
4,9,0.024830699774266364,10,劉世芳,2,民主進步黨,民主進步黨,高雄市第3選舉區,2020-02-01,否,,,16,16,1959-08-13,60,臺北市,5,1,233829,236787,304481,380660,79.99,77.77,9.09,102300,43.75,14635,6.259999999999998,高雄市3,1,8.81504636242941,2,,,0,0
5,10,0.14672686230248308,10,劉建國,1,民主進步黨,民主進步黨,雲林縣第2選舉區,2020-02-01,否,,,16,16,1969-03-09,50,臺灣省,5,1,208493,211307,283554,344155,82.39,74.52,25.0,119468,57.3,37318,17.9,雲林縣2,1,6.1420804154151085,3,,,0,0
6,11,0.32505643340857787,10,劉櫂豪,1,民主進步黨,民主進步黨,臺東縣選舉區,2020-02-01,否,,,16,16,1967-02-02,52,臺灣省,4,1,78161,79208,117051,138222,84.68,67.67,25.0,41493,53.09,8756,11.21,臺東縣,1,3.505557396986398,2,,,0,0
7,16,0.03160270880361174,10,吳思瑤,2,民主進步黨,民主進步黨,臺北市第1選舉區,2020-02-01,否,,,16,16,1974-05-28,45,新北市,5,1,206924,210421,275438,337659,81.57,76.4,14.29,107850,52.12,24284,11.739999999999995,臺北市1,1,8.403672807736275,1,,,0,0
8,23,0.016930022573363433,10,吳玉琴,2,民主進步黨,民主進步黨,全國不分區及僑居國外國民,2020-02-01,否,,,16,16,1964-08-15,55,臺灣省,5,1,,,,,,,,,,,,全國不分區及僑居國外國民,2,,1,,,0,0
9,24,0.040632054176072234,10,吳琪銘,1,民主進步黨,民主進步黨,新北市第10選舉區,2020-02-01,否,,,16,16,1963-02-24,56,臺灣省,5,1,206970,209881,282441,346775,81.45,74.31,20.0,92665,44.77,18979,9.170000000000002,新北市10,1,7.153020335543121,1,,,0,0
10,25,0.012415349887133182,10,吳秉叡,1,民主進步黨,民主進步黨,新北市第4選舉區,2020-02-01,否,,,16,16,1966-10-07,53,臺灣省,5,1,216675,221934,293428,363644,80.69,75.63,11.11,119461,55.13,39006,18.0,新北市4,1,9.72433337429851,3,,,0,0
11,33,0.02610966057441253,10,周春米,2,民主進步黨,民主進步黨,全國不分區及僑居國外國民,2020-02-01,是,2022-12-25,辭職,16,16,1966-11-01,53,臺灣省,4,1,,,,,,,,,,,,全國不分區及僑居國外國民,2,,1,,,0,0
12,46,0.016930022573363433,10,張宏陸,1,民主進步黨,民主進步黨,新北市第6選舉區,2020-02-01,否,,,16,16,1972-01-10,47,臺中市,5,1,162346,165231,216250,262823,82.28,76.41,25.0,88236,54.35,19058,11.740000000000002,新北市6,1,9.979607499310802,1,,,0,0
13,47,0.01580135440180587,10,張廖萬堅,1,民主進步黨,民主進步黨,臺中市第4選舉區,2020-02-01,否,,,16,16,1965-02-09,54,臺中市,5,1,235542,238946,310726,400354,77.61,76.9,12.5,119886,50.9,23426,9.949999999999996,臺中市4,1,8.382580071078053,1,,,0,0
14,80,0.045146726862302484,10,李昆澤,1,民主進步黨,民主進步黨,高雄市第5選舉區,2020-02-01,否,,,16,16,1964-04-29,55,臺灣省,5,1,235795,238217,303844,365858,83.05,78.4,33.33,123239,52.27,31019,13.160000000000004,高雄市5,1,9.573102551048676,3,,,0,0
15,89,0.14672686230248308,10,林俊憲,1,民主進步黨,民主進步黨,臺南市第5選舉區,2020-02-01,否,,,16,16,1965-03-07,54,臺南市,5,1,199519,202540,265703,320014,83.03,76.23,16.67,110547,55.41,43183,21.65,臺南市5,1,8.604454703786072,1,,,0,0
16,92,0.02708803611738149,10,林宜瑾,2,民主進步黨,民主進步黨,臺南市第4選舉區,2020-02-01,否,,,16,16,1969-08-25,50,臺南市,5,2,191262,194479,254823,313893,81.18,76.32,16.67,113046,59.11,41994,21.96,臺南市4,1,7.43675868128047,0,,,0,0
17,93,0.05869074492099323,10,林岱樺,2,民主進步黨,民主進步黨,高雄市第4選舉區,2020-02-01,否,,,16,16,1972-08-04,47,高雄市,5,1,196918,201637,261093,312361,83.59,77.23,20.0,118219,60.03,61445,31.200000000000003,高雄市4,1,7.372765210447883,5,,,0,0
18,100,0.0056433408577878106,10,林楚茵,2,民主進步黨,民主進步黨,全國不分區及僑居國外國民,2020-02-01,否,,,16,16,1972-10-10,47,新北市,4,2,,,,,,,,,,,,全國不分區及僑居國外國民,2,,0,,,0,0
19,102,0.136568848758465,10,林淑芬,2,民主進步黨,民主進步黨,新北市第2選舉區,2020-02-01,否,,,16,16,1973-01-17,46,臺灣省,5,1,212592,216489,288592,355150,81.26,75.02,33.33,132591,62.37,54966,25.86,新北市2,1,8.7815585293232,4,,,0,0
20,112,0.009029345372460496,10,柯建銘,1,民主進步黨,民主進步黨,全國不分區及僑居國外國民,2020-02-01,否,,,16,16,1951-09-08,68,臺灣省,4,1,,,,,,,,,,,,全國不分區及僑居國外國民,2,,8,,,0,0
21,116,0.4898419864559819,10,楊曜,1,民主進步黨,民主進步黨,澎湖縣選舉區,2020-02-01,否,,,16,16,1966-12-06,53,臺灣省,4,1,49722,51013,87287,104625,83.43,58.44,33.33,26737,53.77,4405,8.860000000000007,澎湖縣,1,6.533876043433159,2,,,0,0
22,124,0.05304740406320542,10,江永昌,1,民主進步黨,民主進步黨,新北市第8選舉區,2020-02-01,否,,,16,16,1969-10-22,50,新北市,5,1,214055,218383,285606,340678,83.83,76.46,16.67,101068,47.22,5597,2.6199999999999974,新北市8,1,9.716877814621636,1,,,0,0
23,129,0.012415349887133182,10,沈發惠,1,民主進步黨,民主進步黨,全國不分區及僑居國外國民,2020-02-01,否,,,16,16,1966-11-02,53,臺北市,5,2,,,,,,,,,,,,全國不分區及僑居國外國民,2,,1,,,0,0
24,133,0.04740406320541761,10,洪申翰,1,民主進步黨,民主進步黨,全國不分區及僑居國外國民,2020-02-01,否,,,16,16,1984-10-18,35,臺北市,1,2,,,,,,,,,,,,全國不分區及僑居國外國民,2,,0,,,0,0
25,138,0.0056433408577878106,10,湯蕙禎,2,民主進步黨,民主進步黨,全國不分區及僑居國外國民,2020-02-01,否,,,16,16,1954-10-03,65,桃園市,4,2,,,,,,,,,,,,全國不分區及僑居國外國民,2,,0,,,0,0
26,143,0.06320541760722348,10,王定宇,1,民主進步黨,民主進步黨,臺南市第6選舉區,2020-02-01,否,,,16,16,1969-03-05,50,高雄市,6,1,197406,200784,256866,316027,81.28,78.17,20.0,116174,58.85,44037,22.310000000000002,臺南市6,1,7.004881989712859,1,,,0,0
27,148,0.01805869074492099,10,王美惠,2,民主進步黨,民主進步黨,嘉義市選舉區,2020-02-01,否,,,16,16,1965-04-15,54,臺灣省,5,2,160019,162257,213240,266616,79.98,76.09,12.5,80333,50.2,27179,16.980000000000004,嘉義市,1,8.175328039130985,0,,,0,0
28,157,0.004514672686230248,10,管碧玲,2,民主進步黨,民主進步黨,全國不分區及僑居國外國民,2020-02-01,是,2023-01-31,辭職,16,16,1956-12-09,63,臺中市,6,1,,,,,,,,,,,,全國不分區及僑居國外國民,2,,4,,,0,0
29,163,0.09255079006772009,10,羅美玲,2,民主進步黨,民主進步黨,全國不分區及僑居國外國民,2020-02-01,否,,,16,16,1969-05-01,50,其他國家,5,2,,,,,,,,,,,,全國不分區及僑居國外國民,2,,0,,,0,0
30,164,0.016930022573363433,10,羅致政,1,民主進步黨,民主進步黨,新北市第7選舉區,2020-02-01,否,,,16,16,1964-11-17,55,臺灣省,6,1,176295,178750,233095,289365,80.55,76.69,14.29,82764,46.95,12105,6.8700000000000045,新北市7,1,9.780500939222078,1,,,0,0
31,167,0.007900677200902935,10,范雲,2,民主進步黨,民主進步黨,全國不分區及僑居國外國民,2020-02-01,否,,,16,16,1968-07-09,51,新北市,6,2,,,,,,,,,,,,全國不分區及僑居國外國民,2,,0,,,0,0
32,168,0.06884875846501129,10,莊瑞雄,1,民主進步黨,民主進步黨,全國不分區及僑居國外國民,2020-02-01,否,,,16,16,1963-04-20,56,臺灣省,5,1,,,,,,,,,,,,全國不分區及僑居國外國民,2,,2,,,0,0
33,169,0.002257336343115124,10,莊競程,1,民主進步黨,民主進步黨,臺中市第5選舉區,2020-02-01,否,,,16,16,1980-12-22,39,臺中市,6,2,257065,260998,343364,426477,80.51,76.01,11.11,114738,44.63,5272,2.0500000000000043,臺中市5,1,8.503207850849542,0,,,0,0
34,177,0.0981941309255079,10,蔡易餘,1,民主進步黨,民主進步黨,嘉義縣第1選舉區,2020-02-01,否,,,16,16,1981-03-14,38,臺灣省,4,1,140795,144971,199857,234770,85.13,72.54,25.0,81028,57.55,24772,17.589999999999996,嘉義縣1,1,5.942405596818797,1,,,0,0
35,180,0.26410835214446954,10,蔡適應,1,民主進步黨,民主進步黨,基隆市選舉區,2020-02-01,否,,,16,16,1973-06-14,46,臺北市,5,1,220087,223470,303637,359472,84.47,73.6,25.0,104082,47.29,20393,9.259999999999998,基隆市,1,7.735044290811018,1,,,0,0
36,190,0.050790067720090294,10,蘇巧慧,2,民主進步黨,民主進步黨,新北市第5選舉區,2020-02-01,否,,,16,16,1976-04-05,43,臺北市,5,1,186286,189073,251452,312761,80.4,75.19,33.33,106368,57.1,28449,15.270000000000003,新北市5,1,8.401652140632494,1,,,0,0
37,191,0.03160270880361174,10,蘇治芬,2,民主進步黨,民主進步黨,雲林縣第1選舉區,2020-02-01,否,,,16,16,1953-07-10,66,臺灣省,5,1,187294,191812,278458,334864,83.16,68.88,25.0,94786,50.61,7924,4.229999999999997,雲林縣1,1,6.013348340607986,2,,,0,0
38,195,0.17042889390519186,10,許智傑,1,民主進步黨,民主進步黨,高雄市第7選舉區,2020-02-01,否,,,16,16,1966-01-05,53,臺灣省,5,1,225034,227805,290775,356624,81.54,78.34,14.29,114998,51.1,28871,12.829999999999998,高雄市7,1,9.293396688013233,2,,,0,0
39,206,0.011286681715575621,10,賴品妤,2,民主進步黨,民主進步黨,新北市第12選舉區,2020-02-01,否,,,16,16,1992-03-02,27,臺北市,4,2,186032,188616,259761,305117,85.13,72.61,14.29,84393,45.36,2780,1.490000000000002,新北市12,1,6.1181632751533614,0,,,0,0
40,209,0.0327313769751693,10,賴惠員,2,民主進步黨,民主進步黨,臺南市第1選舉區,2020-02-01,否,,,16,16,1961-06-05,58,臺灣省,5,2,178550,182315,250801,295001,85.02,72.69,14.29,99344,55.64,30776,17.240000000000002,臺南市1,1,5.857647399373643,0,,,0,0
41,212,0.03837471783295711,10,賴瑞隆,1,民主進步黨,民主進步黨,高雄市第8選舉區,2020-02-01,否,,,16,16,1973-11-15,46,臺灣省,5,1,233953,237088,305923,367673,83.21,77.5,25.0,135052,57.73,51904,22.189999999999998,高雄市8,1,8.440979311085945,1,,,0,0
42,214,0.291196388261851,10,趙天麟,1,民主進步黨,民主進步黨,高雄市第6選舉區,2020-02-01,否,,,16,16,1973-03-08,46,臺北市,5,1,241908,245539,317268,381412,83.18,77.39,10.0,128072,52.94,35735,14.769999999999996,高雄市6,1,9.3791003853306,2,,,0,0
43,217,0.14221218961625282,10,邱志偉,1,民主進步黨,民主進步黨,高雄市第2選舉區,2020-02-01,否,,,16,16,1972-07-24,47,臺灣省,6,1,200207,204055,260269,313739,82.96,78.4,33.33,126469,63.17,55602,27.770000000000003,高雄市2,1,7.135639575186451,2,,,0,0
44,220,0.004514672686230248,10,邱泰源,1,民主進步黨,民主進步黨,全國不分區及僑居國外國民,2020-02-01,否,,,16,16,1956-10-30,63,臺灣省,5,1,,,,,,,,,,,,全國不分區及僑居國外國民,2,,1,,,0,0
45,222,0.19187358916478556,10,邱議瑩,2,民主進步黨,民主進步黨,高雄市第1選舉區,2020-02-01,否,,,16,16,1971-06-01,48,臺灣省,5,1,163742,166731,222799,259574,85.83,74.83,20.0,91561,55.92,36188,22.1,高雄市1,1,4.533029508210409,4,,,0,0
46,225,0.03837471783295711,10,郭國文,1,民主進步黨,民主進步黨,臺南市第2選舉區,2020-02-01,否,,,16,16,1967-03-11,52,臺南市,6,1,187757,191450,254746,303550,83.92,75.15,33.33,120097,63.96,53827,28.660000000000004,臺南市2,1,5.618406123918725,1,,,0,0
47,235,0.03611738148984198,10,鄭運鵬,1,民主進步黨,民主進步黨,桃園市第1選舉區,2020-02-01,否,,,16,16,1973-06-02,46,臺北市,4,1,227105,230633,311150,397712,78.24,74.12,20.0,104735,46.12,6948,3.059999999999995,桃園市1,1,7.59965167764043,2,,,0,0
48,239,0.033860045146726865,10,鍾佳濱,1,民主進步黨,民主進步黨,屏東縣第1選舉區,2020-02-01,否,,,16,16,1965-02-23,54,高雄市,5,1,241913,245031,323633,383199,84.46,75.71,16.67,119871,49.55,29404,12.149999999999999,屏東縣1,1,5.757449615905137,1,,,0,0
49,242,0.10835214446952596,10,陳亭妃,2,民主進步黨,民主進步黨,臺南市第3選舉區,2020-02-01,否,,,16,16,1974-07-19,45,臺南市,6,1,196086,200635,263159,324497,81.1,76.24,25.0,136815,69.77,83929,42.8,臺南市3,1,7.712886491207451,3,,,0,0
50,251,0.3261851015801354,10,陳明文,1,民主進步黨,民主進步黨,嘉義縣第2選舉區,2020-02-01,否,,,16,16,1954-05-13,65,臺灣省,4,1,156344,162134,222860,262683,84.84,72.75,16.67,72141,46.14,7726,4.939999999999998,嘉義縣2,1,5.085309772421717,4,,,0,0
51,257,0.011286681715575621,10,陳歐珀,1,民主進步黨,民主進步黨,宜蘭縣選舉區,2020-02-01,否,,,16,16,1962-10-12,57,臺灣省,5,1,262850,268198,362603,436820,83.01,73.96,16.67,121526,46.23,32146,12.229999999999997,宜蘭縣,1,5.130785895226717,2,,,0,0
52,261,0.07562076749435666,10,陳瑩,2,民主進步黨,民主進步黨,平地原住民選舉區,2020-02-01,否,,,16,16,1972-11-15,47,臺灣省,5,1,,,,,,,,,,,,平地原住民,3,,3,,,0,0
53,265,0.010158013544018058,10,陳秀寳,2,民主進步黨,民主進步黨,彰化縣第1選舉區,2020-02-01,否,,,16,16,1972-10-11,47,臺灣省,4,2,184881,189184,253540,315726,80.3,74.62,50.0,96191,52.03,7501,4.060000000000002,彰化縣1,1,7.149720584536935,0,,,0,0
54,267,0.0056433408577878106,10,陳素月,2,民主進步黨,民主進步黨,彰化縣第4選舉區,2020-02-01,否,,,16,16,1966-01-18,53,臺灣省,5,1,194183,198634,263751,323451,81.54,75.31,14.29,103740,53.42,25137,12.940000000000005,彰化縣4,1,6.614792622086431,2,,,0,0
55,277,0.0327313769751693,10,高嘉瑜,2,民主進步黨,民主進步黨,臺北市第4選舉區,2020-02-01,否,,,16,16,1980-10-17,39,臺灣省,5,2,249658,252359,324765,402232,80.74,77.71,14.29,125138,50.12,6706,2.6799999999999997,臺北市4,1,8.712671155226383,0,,,0,0
56,284,0.003386004514672686,10,黃世杰,1,民主進步黨,民主進步黨,桃園市第2選舉區,2020-02-01,否,,,16,16,1979-01-05,40,臺北市,5,2,216810,220217,296132,371904,79.63,74.36,20.0,111963,51.64,12682,5.850000000000001,桃園市2,1,6.742031218535414,0,,,0,0
57,294,0.04288939051918736,10,黃秀芳,2,民主進步黨,民主進步黨,彰化縣第2選舉區,2020-02-01,否,,,16,16,1971-11-10,48,臺灣省,4,1,184024,186677,241162,299131,80.62,77.41,33.33,83013,45.11,4836,2.6300000000000026,彰化縣2,1,7.451154573179616,1,,,0,0
58,289,0.3781038374717833,10,黃國書,1,無黨籍,0無,臺中市第6選舉區,2020-02-01,否,,,999,999,1964-01-03,55,臺灣省,5,1,202324,205815,268406,333634,80.45,76.68,20.0,113128,55.91,32650,16.129999999999995,臺中市6,1,9.37877258350921,2,2021-10-17,2,0,0
59,289,0.3781038374717833,10,黃國書,1,民主進步黨,民主進步黨,臺中市第6選舉區,2020-02-01,否,,,16,16,1964-01-03,55,臺灣省,5,1,202324,205815,268406,333634,80.45,76.68,20.0,113128,55.91,32650,16.129999999999995,臺中市6,1,9.37877258350921,2,2021-10-17,1,0,0
