,name_id,term,name,sex,party,partyGroup,areaName,onboardDate,leaveFlag,leaveDate,leaveReason,party_num,party_group_num,birth_date,age,place_of_birth,degree,incumbent,valid_votes,total_votes,electorate,pop,electorate_over_pop_pct,total_votes_over_electorate_pct,elected_over_cands_pct,vote,vote_over_total_votes_pct,vote_margin,vote_over_total_votes_pct_margin,constituency,tier,lnpopudensity,experience,defect_date,defect_period,president,vice_president
0,0,8,丁守中,1,中國國民黨,中國國民黨,台北市第1選舉區,2012-02-01,否,,,1,1,1954-09-01,58,高雄市,6,1,202270,204766,265606,337894,78.61,77.09,20.0,112571,55.65,30531,15.100000000000001,臺北市1,1,8.410959243774414,5,,,0,0
1,3,8,何欣純,2,民主進步黨,民主進步黨,台中市第7選舉區,2012-02-01,否,,,16,16,1973-12-18,39,臺中市,5,2,200799,202549,268042,356659,75.15,75.57,25.0,101006,50.3,8637,4.299999999999997,臺中市7,1,8.328047752380371,0,,,0,0
2,10,8,劉建國,1,民主進步黨,民主進步黨,雲林縣第2選舉區,2012-02-01,否,,,16,16,1969-03-09,43,臺灣省,3,1,199017,202298,281295,361697,77.77,71.92,33.33,121368,60.98,47536,23.889999999999993,雲林縣2,1,6.439717769622803,1,,,0,0
3,11,8,劉櫂豪,1,民主進步黨,民主進步黨,台東縣選舉區,2012-02-01,否,,,16,16,1967-02-02,45,臺灣省,3,2,76170,77561,118916,148509,80.07,65.22,20.0,31685,41.59,9132,11.990000000000002,臺東縣,1,4.907938003540039,0,,,0,0
4,14,8,吳宜臻,2,民主進步黨,民主進步黨,全國不分區及僑居國外國民,2012-02-01,否,,,16,16,1970-04-23,42,新北市,5,2,,,,,,,,,,,,全國不分區及僑居國外國民,2,,0,,,0,0
5,25,8,吳秉叡,1,民主進步黨,民主進步黨,全國不分區及僑居國外國民,2012-02-01,否,,,16,16,1966-10-07,46,臺灣省,5,2,,,,,,,,,,,,全國不分區及僑居國外國民,2,,1,,,0,0
6,26,8,吳育仁,1,中國國民黨,中國國民黨,全國不分區及僑居國外國民,2012-02-01,否,,,1,1,1969-02-05,43,臺灣省,6,2,,,,,,,,,,,,全國不分區及僑居國外國民,2,,0,,,0,0
7,27,8,吳育昇,1,中國國民黨,中國國民黨,新北市第1選舉區,2012-02-01,否,,,1,1,1958-12-01,54,臺灣省,5,1,212343,215309,288221,376645,76.52,74.7,25.0,107821,50.77,17696,8.330000000000005,新北市1,1,7.352620601654053,2,,,0,0
8,29,8,呂學樟,1,中國國民黨,中國國民黨,新竹市選舉區,2012-02-01,否,,,1,1,1952-11-05,60,臺灣省,5,1,228717,233539,307851,416882,73.85,75.86,16.67,121848,53.27,26133,11.43,新竹市,1,8.345541000366211,3,,,0,0
9,30,8,呂玉玲,2,中國國民黨,中國國民黨,桃園縣第5選舉區,2012-02-01,否,,,1,1,1961-06-19,51,臺灣省,2,2,173310,177866,235906,314613,74.98,75.4,14.29,78504,45.29,17617,10.159999999999997,桃園縣5,1,8.055322647094727,0,,,0,0
10,31,8,周倪安,2,台灣團結聯盟,台灣團結聯盟,全國不分區及僑居國外國民,2014-02-10,否,,,95,95,1972-10-07,40,臺北市,5,2,,,,,,,,,,,,全國不分區及僑居國外國民,2,,0,,,0,0
11,35,8,姚文智,1,民主進步黨,民主進步黨,台北市第2選舉區,2012-02-01,否,,,16,16,1965-12-04,47,臺北市,5,2,198271,200699,259298,324903,79.81,77.4,20.0,99229,50.04,3110,1.5700000000000003,臺北市2,1,9.660627365112305,0,,,0,0
12,36,8,孔文吉,1,中國國民黨,中國國民黨,山地原住民,2012-02-01,否,,,1,1,1957-10-18,55,臺灣省,6,1,,,,,,,,,,,,山地原住民,4,,2,,,0,0
13,37,8,孫大千,1,中國國民黨,中國國民黨,桃園縣第6選舉區,2012-02-01,否,,,1,1,1969-08-28,43,臺北市,6,1,169901,174197,232279,314424,73.87,74.99,33.33,102528,60.34,49390,29.070000000000004,桃園縣6,1,7.924662113189697,3,,,0,0
14,38,8,尤美女,2,民主進步黨,民主進步黨,全國不分區及僑居國外國民,2012-02-01,否,,,16,16,1955-01-29,57,臺灣省,5,2,,,,,,,,,,,,全國不分區及僑居國外國民,2,,0,,,0,0
15,41,8,廖國棟,1,中國國民黨,中國國民黨,平地原住民,2012-02-01,否,,,1,1,1955-01-08,57,臺灣省,3,1,,,,,,,,,,,,平地原住民,3,,3,,,0,0
16,43,8,廖正井,1,中國國民黨,中國國民黨,桃園縣第2選舉區,2012-02-01,否,,,1,1,1945-01-08,67,臺灣省,5,1,183285,187377,251099,336623,74.59,74.62,50.0,92035,50.21,785,0.4299999999999997,桃園縣2,1,6.87086296081543,1,,,0,0
17,45,8,張嘉郡,2,中國國民黨,中國國民黨,雲林縣第1選舉區,2012-02-01,否,,,1,1,1981-01-10,31,臺灣省,5,1,180024,184157,278433,349977,79.56,66.14,50.0,90811,50.44,1598,0.8900000000000006,雲林縣1,1,6.241756439208984,1,,,0,0
18,48,8,張慶忠,1,中國國民黨,中國國民黨,新北市第8選舉區,2012-02-01,否,,,1,1,1951-12-04,61,新北市,5,1,209799,214000,276684,341048,81.13,77.34,25.0,101161,48.21,17693,8.43,新北市8,1,9.96938705444336,2,,,0,0
19,49,8,張曉風,2,親民黨,親民黨,全國不分區及僑居國外國民,2012-02-01,是,2013-03-17,依台立人字第1021400478號函自102年03月17日辭去立法委員職務。,90,90,1941-03-29,71,其他,3,2,,,,,,,,,,,,全國不分區及僑居國外國民,2,,0,,,0,0
20,58,8,徐少萍,2,中國國民黨,中國國民黨,全國不分區及僑居國外國民,2012-02-01,否,,,1,1,1941-05-16,71,其他,3,1,,,,,,,,,,,,全國不分區及僑居國外國民,2,,5,,,0,0
21,59,8,徐志榮,1,中國國民黨,中國國民黨,苗栗縣第2選舉區,2015-02-16,否,,,1,1,1955-07-31,59,臺灣省,2,2,80922,81430,231684,289714,79.97,28.110000000000003,33.33,47105,58.209999999999994,14139,17.47,苗栗縣2,1,6.338205337524414,0,,,0,0
22,61,8,徐欣瑩,2,民國黨,立院新聯盟,新竹縣選舉區,2012-02-01,否,,,999,999,1972-04-23,40,臺灣省,6,2,277903,282249,368840,497670,74.11,76.52,25.0,171466,61.69,68513,24.65,新竹縣,1,6.554203987121582,0,2015-02-12,2,0,0
23,63,8,徐耀昌,1,中國國民黨,中國國民黨,苗栗縣第2選舉區,2012-02-01,是,2014-12-25,依台立人字第1031402109號函自103年12月25日辭去立法委員職務。,1,1,1955-06-30,57,臺灣省,5,1,165880,169052,224923,289714,77.64,75.16,50.0,118858,71.65,71836,43.31,苗栗縣2,1,6.338205337524414,3,,,0,0
24,66,8,曾巨威,1,中國國民黨,中國國民黨,全國不分區及僑居國外國民,2012-02-01,否,,,1,1,1951-09-04,61,臺灣省,6,2,,,,,,,,,,,,全國不分區及僑居國外國民,2,,0,,,0,0
25,71,8,李俊俋,1,民主進步黨,民主進步黨,嘉義市選舉區,2012-02-01,否,,,16,16,1965-07-06,47,臺灣省,6,2,148171,150211,203946,270632,75.36,73.65,33.33,72343,48.82,437,0.29999999999999716,嘉義市,1,8.424968719482422,0,,,0,0
26,78,8,李慶華,1,中國國民黨,中國國民黨,新北市第12選舉區,2012-02-01,否,,,1,1,1948-12-03,64,其他,6,1,175761,178735,241418,299739,80.54,74.04,25.0,73953,42.07,10831,6.160000000000004,新北市12,1,6.430235385894775,6,,,0,0
27,79,8,李應元,1,民主進步黨,民主進步黨,全國不分區及僑居國外國民,2012-02-01,否,,,16,16,1953-03-16,59,臺灣省,6,2,,,,,,,,,,,,全國不分區及僑居國外國民,2,,2,,,0,0
28,80,8,李昆澤,1,民主進步黨,民主進步黨,高雄市第6選舉區,2012-02-01,否,,,16,16,1964-04-29,48,臺灣省,5,2,154319,156727,205487,265902,77.28,76.27,50.0,81477,52.79,8635,5.589999999999996,高雄市6,1,9.942572593688965,1,,,0,0
29,82,8,李桐豪,1,親民黨,立院新聯盟,全國不分區及僑居國外國民,2012-02-01,否,,,90,999,1955-10-07,57,新北市,6,2,,,,,,,,,,,,全國不分區及僑居國外國民,2,,1,,,0,0
30,84,8,李貴敏,2,中國國民黨,中國國民黨,全國不分區及僑居國外國民,2012-02-01,否,,,1,1,1959-12-11,53,臺北市,6,2,,,,,,,,,,,,全國不分區及僑居國外國民,2,,0,,,0,0
31,85,8,李鴻鈞,1,親民黨,立院新聯盟,新北市第4選舉區,2012-02-01,否,,,90,999,1959-05-11,53,新北市,6,1,201974,205070,267836,347171,77.15,76.57,25.0,103165,51.07,9039,4.469999999999999,新北市4,1,9.87725067138672,3,,,0,0
32,87,8,林世嘉,2,台灣團結聯盟,台灣團結聯盟,全國不分區及僑居國外國民,2012-02-01,是,2013-07-15,依102年7月16日台立人字第1021401105號函因喪失其所屬台灣團結聯盟黨籍，本院於102年7月15日起註銷名籍。,95,95,1969-04-15,43,臺中市,5,2,,,,,,,,,,,,全國不分區及僑居國外國民,2,,0,,,0,0
33,88,8,林佳龍,1,民主進步黨,民主進步黨,台中市第6選舉區,2012-02-01,是,2014-11-25,依台立人字第1030008133號函自103年11月25日辭去立法委員職務。,16,16,1964-02-13,48,臺北市,6,2,186719,189152,248462,325947,76.23,76.13,14.29,96685,51.78,11748,6.300000000000004,臺中市6,1,9.723369598388672,0,,,0,0
34,90,8,林國正,1,中國國民黨,中國國民黨,高雄市第9選舉區,2012-02-01,否,,,1,1,1966-11-26,46,臺中市,5,2,183720,186569,245843,312401,78.69,75.89,20.0,70600,38.42,11342,6.170000000000002,高雄市9,1,8.7794189453125,0,,,0,0
35,93,8,林岱樺,2,民主進步黨,民主進步黨,高雄市第4選舉區,2012-02-01,否,,,16,16,1972-08-04,40,高雄市,5,1,171539,174204,233078,294613,79.11,74.74,33.33,111188,64.81,52927,30.85,高雄市4,1,7.536966323852539,3,,,0,0
36,95,8,林德福,1,中國國民黨,中國國民黨,新北市第9選舉區,2012-02-01,否,,,1,1,1953-10-23,59,新北市,2,1,183816,186421,239622,300350,79.78,77.8,25.0,89767,48.83,39111,21.279999999999998,新北市9,1,10.28968906402588,3,,,0,0
37,98,8,林明溱,1,中國國民黨,中國國民黨,南投縣第2選舉區,2012-02-01,是,2014-12-25,依台立人字第1030008678號函自103年12月25日辭去立法委員職務。,1,1,1951-02-13,61,臺灣省,5,1,145455,147549,204413,258867,78.96,72.18,50.0,79008,54.31,12561,8.630000000000003,南投縣2,1,5.994684219360352,1,,,0,0
38,101,8,林正二,1,親民黨,親民黨,平地原住民,2012-02-01,是,2013-07-11,依102年07月日台立院人字第1020005242號函因案於102年7月11日經最高法院判決褫奪公權確定，並自判決確定之日起，註銷名籍。,90,90,1952-01-02,60,臺灣省,3,1,,,,,,,,,,,,平地原住民,3,,4,,,0,0
39,102,8,林淑芬,2,民主進步黨,民主進步黨,新北市第2選舉區,2012-02-01,否,,,16,16,1973-01-17,39,臺灣省,1,1,194279,197279,260393,346522,75.14,75.76,20.0,114091,58.72,37323,19.21,新北市2,1,9.711467742919922,2,,,0,0
40,103,8,林滄敏,1,中國國民黨,中國國民黨,彰化縣第2選舉區,2012-02-01,否,,,1,1,1958-01-01,54,臺灣省,5,1,173266,176380,233100,305656,76.26,75.67,50.0,96108,55.46,18950,10.93,彰化縣2,1,7.518308639526367,2,,,0,0
41,107,8,林郁方,1,中國國民黨,中國國民黨,台北市第5選舉區,2012-02-01,否,,,1,1,1951-03-15,61,高雄市,6,1,181516,184724,242041,307246,78.78,76.32,14.29,100292,55.25,23279,12.829999999999998,臺北市5,1,10.066978454589844,4,,,0,0
42,109,8,林鴻池,1,中國國民黨,中國國民黨,新北市第6選舉區,2012-02-01,否,,,1,1,1955-08-22,57,新北市,5,1,161298,163542,212894,266594,79.86,76.82,33.33,86119,53.39,12169,7.549999999999997,新北市6,1,10.170262336730955,2,,,0,0
43,112,8,柯建銘,1,民主進步黨,民主進步黨,全國不分區及僑居國外國民,2012-02-01,否,,,16,16,1951-09-08,61,臺灣省,3,1,,,,,,,,,,,,全國不分區及僑居國外國民,2,,6,,,0,0
44,115,8,楊應雄,1,中國國民黨,中國國民黨,金門縣選舉區,2012-02-01,否,,,1,1,1957-06-08,55,金馬地區,3,2,37729,38756,81783,103335,79.14,47.39,20.0,12435,32.95,307,0.8100000000000023,金門縣,1,6.682597160339356,0,,,0,0
45,116,8,楊曜,1,民主進步黨,民主進步黨,澎湖縣選舉區,2012-02-01,否,,,16,16,1966-12-06,46,臺灣省,3,2,44579,45582,76972,96834,79.49,59.22,50.0,23823,53.43,3067,6.869999999999997,澎湖縣,1,6.409829616546631,0,,,0,0
46,117,8,楊玉欣,2,中國國民黨,中國國民黨,全國不分區及僑居國外國民,2012-02-01,否,,,1,1,1974-12-31,38,臺灣省,3,2,,,,,,,,,,,,全國不分區及僑居國外國民,2,,0,,,0,0
47,118,8,楊瓊瓔,2,中國國民黨,中國國民黨,台中市第3選舉區,2012-02-01,否,,,1,1,1964-10-19,48,臺中市,5,1,172790,176140,230003,305573,75.27,76.58,33.33,99400,57.52,34799,20.14,臺中市3,1,7.760326385498047,4,,,0,0
48,120,8,楊麗環,2,中國國民黨,中國國民黨,桃園縣第4選舉區,2012-02-01,否,,,1,1,1957-05-01,55,臺灣省,6,1,181830,184034,244653,337410,72.51,75.22,25.0,105827,58.2,31918,17.560000000000002,桃園縣4,1,9.384157180786133,3,,,0,0
49,121,8,段宜康,1,民主進步黨,民主進步黨,全國不分區及僑居國外國民,2012-02-01,否,,,16,16,1963-11-14,49,臺北市,3,2,,,,,,,,,,,,全國不分區及僑居國外國民,2,,1,,,0,0
50,122,8,江啟臣,1,中國國民黨,中國國民黨,台中市第8選舉區,2012-02-01,否,,,1,1,1972-03-02,40,臺中市,6,2,154420,156262,203308,264129,76.97,76.86,20.0,69136,44.77,8172,5.300000000000004,臺中市8,1,7.034326076507568,0,,,0,0
51,123,8,江惠貞,2,中國國民黨,中國國民黨,新北市第7選舉區,2012-02-01,否,,,1,1,1963-01-28,49,新北市,3,2,166304,169311,218275,281002,77.68,77.57,33.33,73686,44.3,2479,1.4899999999999949,新北市7,1,10.170262336730955,0,,,0,0
52,134,8,洪秀柱,2,中國國民黨,中國國民黨,全國不分區及僑居國外國民,2012-02-01,否,,,1,1,1948-04-07,64,臺北市,5,1,,,,,,,,,,,,全國不分區及僑居國外國民,2,,6,,,0,1
53,140,8,潘孟安,1,民主進步黨,民主進步黨,屏東縣第3選舉區,2012-02-01,是,2014-12-25,依台立人字第1030008678號函自103年12月25日辭去立法委員職務。,16,16,1963-08-15,49,臺灣省,5,1,140563,142965,202466,256898,78.81,70.61,33.33,93685,66.64,48371,34.410000000000004,屏東縣3,1,6.291550636291504,2,,,0,0
54,141,8,潘維剛,2,中國國民黨,中國國民黨,全國不分區及僑居國外國民,2012-02-01,否,,,1,1,1957-03-31,55,臺灣省,6,1,,,,,,,,,,,,全國不分區及僑居國外國民,2,,5,,,0,0
55,145,8,王廷升,1,中國國民黨,中國國民黨,花蓮縣選舉區,2012-02-01,否,,,1,1,1965-06-30,47,臺灣省,6,1,128731,131743,197341,245918,80.25,66.76,25.0,57557,44.71,21673,16.84,花蓮縣,1,6.184973239898682,1,,,0,0
56,146,8,王惠美,2,中國國民黨,中國國民黨,彰化縣第1選舉區,2012-02-01,否,,,1,1,1968-11-22,44,臺灣省,5,2,178998,181975,239563,315012,76.05,75.96,25.0,63026,35.21,386,0.21999999999999886,彰化縣1,1,7.173912525177002,0,,,0,0
57,149,8,王育敏,2,中國國民黨,中國國民黨,全國不分區及僑居國外國民,2012-02-01,否,,,1,1,1971-04-11,41,臺灣省,5,2,,,,,,,,,,,,全國不分區及僑居國外國民,2,,0,,,0,0
58,150,8,王進士,1,中國國民黨,中國國民黨,屏東縣第2選舉區,2012-02-01,否,,,1,1,1948-09-03,64,臺灣省,5,1,156682,158762,211995,269786,78.58,74.89,50.0,80696,51.5,4710,3.009999999999998,屏東縣2,1,7.398841381072998,1,,,0,0
59,151,8,王金平,1,中國國民黨,中國國民黨,全國不分區及僑居國外國民,2012-02-01,否,,,1,1,1941-03-17,71,高雄市,3,1,,,,,,,,,,,,全國不分區及僑居國外國民,2,,6,,,1,0
60,153,8,田秋堇,2,民主進步黨,民主進步黨,全國不分區及僑居國外國民,2012-02-01,否,,,16,16,1954-05-27,58,臺北市,3,1,,,,,,,,,,,,全國不分區及僑居國外國民,2,,2,,,0,0
61,154,8,盧嘉辰,1,中國國民黨,中國國民黨,新北市第10選舉區,2012-02-01,否,,,1,1,1953-01-01,59,新北市,5,1,187885,191292,257744,338042,76.25,74.22,20.0,89570,47.67,8050,4.289999999999999,新北市10,1,8.358307838439941,1,,,0,0
62,155,8,盧秀燕,2,中國國民黨,中國國民黨,台中市第5選舉區,2012-02-01,否,,,1,1,1961-08-31,51,臺灣省,5,1,224341,227195,301357,394146,76.46,75.39,33.33,129822,57.86,38029,16.950000000000003,臺中市5,1,9.366521835327148,4,,,0,0
63,157,8,管碧玲,2,民主進步黨,民主進步黨,高雄市第5選舉區,2012-02-01,否,,,16,16,1956-12-09,56,臺中市,6,1,165098,167092,219956,273466,80.43,75.97,25.0,92043,55.75,21147,12.810000000000002,高雄市5,1,9.368345260620115,2,,,0,0
64,158,8,簡東明,1,中國國民黨,中國國民黨,山地原住民,2012-02-01,否,,,1,1,1951-06-04,61,臺灣省,3,1,,,,,,,,,,,,山地原住民,4,,1,,,0,0
65,160,8,紀國棟,1,中國國民黨,中國國民黨,全國不分區及僑居國外國民,2012-02-01,是,2015-07-16,依104年7月16日台立人字第1041401162號函因喪失其所屬中國國民黨黨籍，本院於104年7月16日起註銷名籍。,1,1,1960-05-16,52,臺灣省,5,1,,,,,,,,,,,,全國不分區及僑居國外國民,2,,3,,,0,0
66,161,8,羅明才,1,中國國民黨,中國國民黨,新北市第11選舉區,2012-02-01,否,,,1,1,1967-01-15,45,臺灣省,5,1,198932,205888,270338,334345,80.86,76.16,50.0,132426,66.56,65920,33.13,新北市11,1,6.600414752960205,4,,,0,0
67,162,8,羅淑蕾,2,中國國民黨,中國國民黨,台北市第3選舉區,2012-02-01,否,,,1,1,1952-11-28,60,臺北市,3,1,211343,214244,280311,351246,79.8,76.43,33.33,118503,56.07,29086,13.770000000000003,臺北市3,1,9.90584659576416,2,,,0,0
68,165,8,翁重鈞,1,中國國民黨,中國國民黨,嘉義縣第1選舉區,2012-02-01,否,,,1,1,1955-05-31,57,臺灣省,5,1,146067,149812,202958,252143,80.49,73.81,50.0,73481,50.3,895,0.6099999999999994,嘉義縣1,1,6.185158729553223,5,,,0,0
69,168,8,莊瑞雄,1,民主進步黨,民主進步黨,屏東縣第3選舉區,2015-02-16,否,,,16,16,1963-04-20,51,臺灣省,5,2,65256,65570,202129,256898,78.68,25.52,25.0,43988,67.41,23361,35.8,屏東縣3,1,6.291550636291504,0,,,0,0
70,171,8,葉宜津,2,民主進步黨,民主進步黨,台南市第1選舉區,2012-02-01,否,,,16,16,1960-08-21,52,臺南市,5,1,191204,195530,274597,338698,81.07,71.21,33.33,120623,63.08,74201,38.81,臺南市1,1,6.267124652862549,4,,,0,0
71,172,8,葉津鈴,2,台灣團結聯盟,台灣團結聯盟,全國不分區及僑居國外國民,2013-07-26,否,,,95,95,1947-03-14,65,臺灣省,2,2,,,,,,,,,,,,全國不分區及僑居國外國民,2,,0,,,0,0
72,173,8,蔡其昌,1,民主進步黨,民主進步黨,台中市第1選舉區,2012-02-01,否,,,16,16,1969-04-16,43,臺中市,5,2,149735,153015,204803,269639,75.95,74.71,33.33,81669,54.54,16231,10.839999999999996,臺中市1,1,6.952317237854004,1,,,0,0
73,178,8,蔡正元,1,中國國民黨,中國國民黨,台北市第4選舉區,2012-02-01,否,,,1,1,1953-12-25,59,臺灣省,5,1,230695,233561,299527,387948,77.21,77.98,25.0,111260,48.22,33163,14.369999999999997,臺北市4,1,8.841773986816406,3,,,0,0
74,179,8,蔡煌瑯,1,民主進步黨,民主進步黨,全國不分區及僑居國外國民,2012-02-01,否,,,16,16,1960-07-05,52,臺灣省,3,1,,,,,,,,,,,,全國不分區及僑居國外國民,2,,5,,,0,0
75,181,8,蔡錦隆,1,中國國民黨,中國國民黨,台中市第4選舉區,2012-02-01,否,,,1,1,1958-03-01,54,臺中市,5,1,199005,201829,263073,362790,72.51,76.72,25.0,101702,51.1,9489,4.770000000000003,臺中市4,1,8.55213928222656,2,,,0,0
76,182,8,蔣乃辛,1,中國國民黨,中國國民黨,台北市第6選舉區,2012-02-01,否,,,1,1,1948-09-24,64,其他,5,1,180732,183530,243199,312878,77.73,75.46,11.11,108488,60.02,54375,30.080000000000002,臺北市6,1,10.22416877746582,1,,,0,0
77,187,8,蕭美琴,2,民主進步黨,民主進步黨,全國不分區及僑居國外國民,2012-02-01,否,,,16,16,1971-08-07,41,其他,5,2,,,,,,,,,,,,全國不分區及僑居國外國民,2,,2,,,0,0
78,188,8,薛凌,2,民主進步黨,民主進步黨,全國不分區及僑居國外國民,2012-02-01,否,,,16,16,1954-01-02,58,臺中市,1,1,,,,,,,,,,,,全國不分區及僑居國外國民,2,,2,,,0,0
79,192,8,蘇清泉,1,中國國民黨,中國國民黨,全國不分區及僑居國外國民,2012-02-01,否,,,1,1,1957-08-05,55,臺灣省,6,2,,,,,,,,,,,,全國不分區及僑居國外國民,2,,0,,,0,0
80,193,8,蘇震清,1,民主進步黨,民主進步黨,屏東縣第1選舉區,2012-02-01,否,,,16,16,1965-02-02,47,臺灣省,5,1,162419,165701,225734,280766,80.4,73.41,25.0,94538,58.2,39377,24.240000000000002,屏東縣1,1,6.051806926727295,1,,,0,0
81,194,8,許忠信,1,台灣團結聯盟,台灣團結聯盟,全國不分區及僑居國外國民,2012-02-01,是,2014-02-01,依103年1月27日台立人字第1031400173號函自103年02月01日辭去立法委員職務。,95,95,1965-06-01,47,臺南市,6,2,,,,,,,,,,,,全國不分區及僑居國外國民,2,,0,,,0,0
82,195,8,許智傑,1,民主進步黨,民主進步黨,高雄市第8選舉區,2012-02-01,否,,,16,16,1966-01-05,46,臺灣省,5,2,200694,203173,266958,342948,77.84,76.11,20.0,104292,51.96,14106,7.030000000000001,高雄市8,1,9.422904014587402,0,,,0,0
83,197,8,許淑華,2,中國國民黨,中國國民黨,南投縣第2選舉區,2015-02-16,否,,,1,1,1975-10-15,39,臺灣省,5,2,75692,76132,205390,258867,79.34,29.409999999999997,33.33,38694,51.12,3756,4.96,南投縣2,1,5.994684219360352,0,,,0,0
84,198,8,許添財,1,民主進步黨,民主進步黨,台南市第4選舉區,2012-02-01,否,,,16,16,1951-01-23,61,臺南市,5,1,217705,220971,294356,382265,77.0,75.07,50.0,115439,53.02,13173,6.050000000000004,臺南市4,1,9.0323486328125,4,,,0,0
85,200,8,詹凱臣,1,中國國民黨,中國國民黨,全國不分區及僑居國外國民,2012-02-01,否,,,1,1,1951-05-11,61,臺北市,3,2,,,,,,,,,,,,全國不分區及僑居國外國民,2,,0,,,0,0
86,201,8,詹滿容,2,中國國民黨,中國國民黨,全國不分區及僑居國外國民,2015-07-20,否,,,1,1,1956-06-09,56,臺北市,6,2,,,,,,,,,,,,全國不分區及僑居國外國民,2,,0,,,0,0
87,202,8,謝國樑,1,中國國民黨,中國國民黨,基隆市選舉區,2012-02-01,否,,,1,1,1975-10-05,37,臺灣省,5,1,210321,213341,294776,371209,79.41,72.37,20.0,110196,52.39,25709,12.219999999999999,基隆市,1,8.471088409423828,2,,,0,0
88,205,8,費鴻泰,1,中國國民黨,中國國民黨,台北市第7選舉區,2012-02-01,否,,,1,1,1954-07-07,58,臺北市,6,1,181055,185858,242933,306476,79.27,76.51,20.0,114009,62.96,70560,38.97,臺北市7,1,10.003687858581545,2,,,0,0
89,208,8,賴士葆,1,中國國民黨,中國國民黨,台北市第8選舉區,2012-02-01,否,,,1,1,1951-06-20,61,臺中市,6,1,185867,187673,240357,308037,78.03,78.08,20.0,117892,63.42,63975,34.42,臺北市8,1,9.622310638427734,3,,,0,0
90,210,8,賴振昌,1,台灣團結聯盟,台灣團結聯盟,全國不分區及僑居國外國民,2014-02-10,否,,,95,95,1958-01-15,54,臺北市,6,2,,,,,,,,,,,,全國不分區及僑居國外國民,2,,0,,,0,0
91,214,8,趙天麟,1,民主進步黨,民主進步黨,高雄市第7選舉區,2012-02-01,否,,,16,16,1973-03-08,39,臺北市,5,2,184259,186044,243236,298481,81.49,76.49,25.0,98341,53.37,14962,8.119999999999997,高雄市7,1,9.73849868774414,0,,,0,0
92,217,8,邱志偉,1,民主進步黨,民主進步黨,高雄市第2選舉區,2012-02-01,否,,,16,16,1972-07-24,40,臺灣省,6,2,192021,194515,249535,316700,78.79,77.95,33.33,96818,50.42,3916,2.039999999999999,高雄市2,1,7.3627848625183105,0,,,0,0
93,218,8,邱文彥,1,中國國民黨,中國國民黨,全國不分區及僑居國外國民,2012-02-01,否,,,1,1,1953-07-17,59,臺灣省,6,2,,,,,,,,,,,,全國不分區及僑居國外國民,2,,0,,,0,0
94,222,8,邱議瑩,2,民主進步黨,民主進步黨,高雄市第1選舉區,2012-02-01,否,,,16,16,1971-06-01,41,臺灣省,5,1,165540,167791,223797,276034,81.08,74.97,50.0,89913,54.31,14286,8.630000000000003,高雄市1,1,5.791854381561279,2,,,0,0
95,230,8,鄭天財 Sra Kacaw,1,中國國民黨,中國國民黨,平地原住民,2012-02-01,否,,,1,1,1956-12-16,56,臺灣省,3,2,,,,,,,,,,,,平地原住民,3,,0,,,0,0
96,233,8,鄭汝芬,2,中國國民黨,中國國民黨,彰化縣第3選舉區,2012-02-01,否,,,1,1,1957-02-16,55,臺灣省,3,1,181321,188206,269777,344698,78.26,69.76,50.0,101352,55.89,21383,11.79,彰化縣3,1,6.760020732879639,1,,,0,0
97,237,8,鄭麗君,2,民主進步黨,民主進步黨,全國不分區及僑居國外國民,2012-02-01,否,,,16,16,1969-06-19,43,臺北市,5,2,,,,,,,,,,,,全國不分區及僑居國外國民,2,,0,,,0,0
98,242,8,陳亭妃,2,民主進步黨,民主進步黨,台南市第3選舉區,2012-02-01,否,,,16,16,1974-07-19,38,臺南市,5,1,225884,228982,305200,389881,78.28,75.03,33.33,139301,61.66,55206,24.439999999999998,臺南市3,1,9.118074417114258,1,,,0,0
99,244,8,陳其邁,1,民主進步黨,民主進步黨,全國不分區及僑居國外國民,2012-02-01,否,,,16,16,1964-12-23,48,臺灣省,5,2,,,,,,,,,,,,全國不分區及僑居國外國民,2,,3,,,0,0
100,245,8,陳唐山,1,民主進步黨,民主進步黨,台南市第5選舉區,2012-02-01,否,,,16,16,1935-09-16,77,臺南市,6,2,230514,233999,308679,394777,78.19,75.81,33.33,120401,52.23,13782,5.979999999999997,臺南市5,1,7.462966918945312,2,,,0,0
101,248,8,陳學聖,1,中國國民黨,中國國民黨,桃園縣第3選舉區,2012-02-01,否,,,1,1,1957-09-28,55,臺北市,5,2,181338,183645,241543,310262,77.85,76.03,25.0,97654,53.85,25259,13.93,桃園縣3,1,8.498342514038086,2,,,0,0
102,250,8,陳怡潔,2,親民黨,立院新聯盟,全國不分區及僑居國外國民,2013-03-22,否,,,90,999,1979-09-09,33,臺北市,6,2,,,,,,,,,,,,全國不分區及僑居國外國民,2,,0,,,0,0
103,251,8,陳明文,1,民主進步黨,民主進步黨,嘉義縣第2選舉區,2012-02-01,否,,,16,16,1954-05-13,58,臺灣省,3,1,157305,159547,222969,280252,79.56,71.56,50.0,86828,55.19,16351,10.39,嘉義縣2,1,5.803024291992188,2,,,0,0
104,255,8,陳根德,1,中國國民黨,中國國民黨,桃園縣第1選舉區,2012-02-01,否,,,1,1,1956-01-18,56,臺灣省,5,1,185468,188467,252699,338929,74.56,74.58,50.0,102648,55.34,19828,10.690000000000005,桃園縣1,1,8.566106796264648,4,,,0,0
105,257,8,陳歐珀,1,民主進步黨,民主進步黨,宜蘭縣選舉區,2012-02-01,否,,,16,16,1962-10-12,50,臺灣省,5,2,246274,252204,346844,443447,78.22,72.71,50.0,127303,51.69,8332,3.3900000000000006,宜蘭縣,1,7.031970977783203,0,,,0,0
106,258,8,陳淑慧,2,中國國民黨,中國國民黨,全國不分區及僑居國外國民,2012-02-01,否,,,1,1,1957-10-06,55,高雄市,5,1,,,,,,,,,,,,全國不分區及僑居國外國民,2,,1,,,0,0
107,262,8,陳碧涵,2,中國國民黨,中國國民黨,全國不分區及僑居國外國民,2012-02-01,否,,,1,1,1960-10-15,52,臺灣省,6,2,,,,,,,,,,,,全國不分區及僑居國外國民,2,,0,,,0,0
108,266,8,陳節如,2,民主進步黨,民主進步黨,全國不分區及僑居國外國民,2012-02-01,否,,,16,16,1944-03-03,68,臺灣省,2,1,,,,,,,,,,,,全國不分區及僑居國外國民,2,,1,,,0,0
109,267,8,陳素月,2,民主進步黨,民主進步黨,彰化縣第4選舉區,2015-02-16,否,,,16,16,1966-01-18,49,臺灣省,5,2,96831,97597,259816,332584,78.12,29.349999999999998,20.0,51907,53.61,17200,17.76,彰化縣4,1,7.304401397705078,0,,,0,0
110,269,8,陳超明,1,中國國民黨,中國國民黨,苗栗縣第1選舉區,2012-02-01,否,,,1,1,1951-12-17,61,臺灣省,3,2,145906,150448,202011,261549,77.24,74.48,25.0,82902,56.81,26723,18.310000000000002,苗栗縣1,1,6.301537990570068,1,,,0,0
111,270,8,陳鎮湘,1,中國國民黨,中國國民黨,全國不分區及僑居國外國民,2012-02-01,否,,,1,1,1942-10-10,70,其他,3,2,,,,,,,,,,,,全國不分區及僑居國外國民,2,,0,,,0,0
112,271,8,陳雪生,1,中國國民黨,中國國民黨,連江縣選舉區,2012-02-01,否,,,1,1,1952-01-01,60,金馬地區,2,2,5057,5156,7772,9977,77.9,66.34,33.33,2528,49.99,167,3.3100000000000023,連江縣,1,6.348964214324951,0,2015-07-08,2,0,0
113,273,8,顏寬恒,1,中國國民黨,中國國民黨,台中市第2選舉區,2013-02-01,否,,,1,1,1977-09-14,35,臺中市,5,2,133059,134500,275086,356694,77.12,37.71,33.33,66457,49.95,1138,0.86,臺中市2,1,7.767738342285156,0,,,0,0
114,274,8,顏清標,1,無黨團結聯盟,0無,台中市第2選舉區,2012-02-01,是,2012-11-28,依101年12月5日台立人字第1011402066號函因案於101年11月28日經最高法院判決褫奪公權確定，並自判決確定之日起，註銷名籍。,106,999,1960-08-25,52,臺中市,2,1,198315,205154,270338,356694,75.79,75.89,50.0,118585,59.79,38855,19.589999999999996,臺中市2,1,7.767738342285156,3,,,0,0
115,276,8,馬文君,2,中國國民黨,中國國民黨,南投縣第1選舉區,2012-02-01,否,,,1,1,1965-12-01,47,臺灣省,5,1,129559,131974,186574,235571,79.2,70.74,33.33,78083,60.26,28133,21.71,南投縣1,1,5.707475662231445,1,,,0,0
116,278,8,高志鵬,1,民主進步黨,民主進步黨,新北市第3選舉區,2012-02-01,否,,,16,16,1963-08-08,49,臺灣省,5,1,194178,197441,254922,314583,81.03,77.45,25.0,95649,49.25,1015,0.5200000000000031,新北市3,1,9.977987289428713,3,,,0,0
117,281,8,高金素梅,2,無黨團結聯盟,立院新聯盟,山地原住民,2012-02-01,否,,,106,999,1965-09-21,47,臺中市,2,1,,,,,,,,,,,,山地原住民,4,,3,,,0,0
118,282,8,魏明谷,1,民主進步黨,民主進步黨,彰化縣第4選舉區,2012-02-01,是,2014-11-25,依台立人字第1030008133號函自103年11月25日辭去立法委員職務。,16,16,1963-03-18,49,臺灣省,5,2,183292,188565,257151,332584,77.32,73.33,50.0,92085,50.23,878,0.46999999999999886,彰化縣4,1,7.304401397705078,2,,,0,0
119,286,8,黃偉哲,1,民主進步黨,民主進步黨,台南市第2選舉區,2012-02-01,否,,,16,16,1963-09-26,49,臺北市,5,1,212095,215984,291977,365226,79.94,73.97,25.0,144399,68.08,81605,38.48,臺南市2,1,6.254962921142578,2,,,0,0
120,289,8,黃國書,1,民主進步黨,民主進步黨,台中市第6選舉區,2015-02-16,否,,,16,16,1964-01-03,51,臺灣省,5,2,78060,78495,255203,325947,78.3,24.08,50.0,45143,57.830000000000005,12226,15.659999999999998,臺中市6,1,9.723369598388672,0,,,0,0
121,290,8,黃志雄,1,中國國民黨,中國國民黨,新北市第5選舉區,2012-02-01,否,,,1,1,1976-10-16,36,新北市,5,1,172151,175365,231558,319922,72.38,75.73,25.0,90856,52.77,12205,7.090000000000003,新北市5,1,9.179351806640623,2,,,0,0
122,291,8,黃文玲,2,台灣團結聯盟,台灣團結聯盟,全國不分區及僑居國外國民,2012-02-01,是,2014-02-01,依103年1月27日台立人字第1031400173號函自103年02月01日辭去立法委員職務。,95,95,1969-08-11,43,臺北市,5,2,,,,,,,,,,,,全國不分區及僑居國外國民,2,,0,,,0,0
123,292,8,黃昭順,2,中國國民黨,中國國民黨,高雄市第3選舉區,2012-02-01,否,,,1,1,1953-08-22,59,臺灣省,5,1,207416,209377,273788,363524,75.31,76.47,25.0,101055,48.72,5438,2.6299999999999955,高雄市3,1,8.974637985229492,6,,,0,0
124,2,9,何志偉,1,民主進步黨,民主進步黨,臺北市第2選舉區,2019-02-01,否,,,16,16,1982-05-14,36,臺北市,5,2,80798,81107,266907,342977,77.82,23.65,20.0,38591,47.760000000000005,7059,8.74,臺北市2,1,9.660627365112305,0,,,0,0
125,3,9,何欣純,2,民主進步黨,民主進步黨,臺中市第7選舉區,2016-02-01,否,,,16,16,1973-12-18,42,臺中市,5,1,188823,191970,288794,372245,77.58,66.47,33.33,119098,63.07,52917,28.03,臺中市7,1,8.328047752380371,1,,,0,0
126,4,9,余天,1,民主進步黨,民主進步黨,新北市第3選舉區,2019-03-21,否,,,16,16,1948-03-01,71,臺灣省,2,2,109318,109939,261154,347738,75.1,31.619999999999997,33.33,56888,52.04,5761,5.27,新北市3,1,9.977987289428713,1,,,0,0
127,5,9,余宛如,2,民主進步黨,民主進步黨,全國不分區及僑居國外國民,2016-02-01,否,,,16,16,1980-06-11,35,臺北市,4,2,,,,,,,,,,,,全國不分區及僑居國外國民,2,,0,,,0,0
128,9,9,劉世芳,2,民主進步黨,民主進步黨,高雄市第3選舉區,2016-02-01,否,,,16,16,1959-08-13,56,臺北市,5,2,191111,193945,289344,371644,77.86,67.03,20.0,102255,53.5,28463,14.89,高雄市3,1,8.974637985229492,1,,,0,0
129,10,9,劉建國,1,民主進步黨,民主進步黨,雲林縣第2選舉區,2016-02-01,否,,,16,16,1969-03-09,46,臺灣省,4,1,177663,180972,283296,353065,80.24,63.88,25.0,121114,68.17,74620,42.010000000000005,雲林縣2,1,6.439717769622803,2,,,0,0
130,11,9,劉櫂豪,1,民主進步黨,民主進步黨,臺東縣選舉區,2016-02-01,否,,,16,16,1967-02-02,48,臺灣省,4,1,65933,67675,118223,143421,82.43,57.24,50.0,42317,64.18,18701,28.370000000000005,臺東縣,1,4.907938003540039,1,,,0,0
131,15,9,吳志揚,1,中國國民黨,中國國民黨,全國不分區及僑居國外國民,2016-02-01,否,,,1,1,1969-02-08,46,桃園市,5,2,,,,,,,,,,,,全國不分區及僑居國外國民,2,,2,,,0,0
132,16,9,吳思瑤,2,民主進步黨,民主進步黨,臺北市第1選舉區,2016-02-01,否,,,16,16,1974-05-28,41,新北市,5,2,188807,190937,275449,332274,82.9,69.32,20.0,95951,50.81,13302,7.039999999999999,臺北市1,1,8.410959243774414,0,,,0,0
133,22,9,吳焜裕,1,民主進步黨,民主進步黨,全國不分區及僑居國外國民,2016-02-01,否,,,16,16,1959-02-20,56,臺灣省,6,2,,,,,,,,,,,,全國不分區及僑居國外國民,2,,0,,,0,0
134,23,9,吳玉琴,2,民主進步黨,民主進步黨,全國不分區及僑居國外國民,2016-02-01,否,,,16,16,1964-08-15,51,臺灣省,5,2,,,,,,,,,,,,全國不分區及僑居國外國民,2,,0,,,0,0
135,24,9,吳琪銘,1,民主進步黨,民主進步黨,新北市第10選舉區,2016-02-01,否,,,16,16,1963-02-24,52,臺灣省,3,2,175810,180676,272370,344150,79.14,66.33,33.33,102854,58.5,35235,20.04,新北市10,1,8.358307838439941,0,,,0,0
136,25,9,吳秉叡,1,民主進步黨,民主進步黨,新北市第4選舉區,2016-02-01,否,,,16,16,1966-10-07,49,臺灣省,5,1,185313,190135,282373,358137,78.84,67.33,14.29,116723,62.98,62236,33.58,新北市4,1,9.87725067138672,2,,,0,0
137,28,9,呂孫綾,2,民主進步黨,民主進步黨,新北市第1選舉區,2016-02-01,否,,,16,16,1988-03-12,27,臺北市,5,2,206924,211826,322726,408515,79.0,65.64,16.67,110243,53.27,25661,12.400000000000006,新北市1,1,7.352620601654053,0,,,0,0
138,30,9,呂玉玲,2,中國國民黨,中國國民黨,桃園市第5選舉區,2016-02-01,否,,,1,1,1961-06-19,54,桃園市,3,1,166358,169732,252796,325644,77.63,67.14,16.67,72965,43.86,2763,1.6700000000000017,桃園市5,1,8.055322647094727,1,,,0,0
139,33,9,周春米,2,民主進步黨,民主進步黨,全國不分區及僑居國外國民,2016-02-01,否,,,16,16,1966-11-01,49,臺灣省,4,2,,,,,,,,,,,,全國不分區及僑居國外國民,2,,0,,,0,0
140,34,9,周陳秀霞,2,親民黨,親民黨,全國不分區及僑居國外國民,2016-02-01,否,,,90,90,1958-01-14,58,臺南市,1,2,,,,,,,,,,,,全國不分區及僑居國外國民,2,,0,,,0,0
141,35,9,姚文智,1,民主進步黨,民主進步黨,臺北市第2選舉區,2016-02-01,是,2018-11-18,辭職,16,16,1965-12-04,50,臺北市,5,1,181084,185228,268464,342977,78.27,69.0,14.29,107366,59.29,41399,22.869999999999997,臺北市2,1,9.660627365112305,1,,,0,0
142,36,9,孔文吉,1,中國國民黨,中國國民黨,山地原住民,2016-02-01,否,,,1,1,1957-10-18,58,臺灣省,6,1,,,,,,,,,,,,山地原住民,4,,3,,,0,0
143,38,9,尤美女,2,民主進步黨,民主進步黨,全國不分區及僑居國外國民,2016-02-01,否,,,16,16,1955-01-29,60,臺灣省,5,1,,,,,,,,,,,,全國不分區及僑居國外國民,2,,1,,,0,0
144,41,9,廖國棟Sufin．Siluko,1,中國國民黨,中國國民黨,平地原住民,2016-02-01,否,,,1,1,1955-01-08,61,臺灣省,4,1,,,,,,,,,,,,平地原住民,3,,4,,,0,0
145,46,9,張宏陸,1,民主進步黨,民主進步黨,新北市第6選舉區,2016-02-01,否,,,16,16,1972-01-10,44,臺中市,5,2,146775,149096,215111,265272,81.09,69.31,11.11,77223,52.61,19173,13.060000000000002,新北市6,1,10.170262336730955,0,,,0,0
146,47,9,張廖萬堅,1,民主進步黨,民主進步黨,臺中市第4選舉區,2016-02-01,否,,,16,16,1965-02-09,50,臺中市,5,2,190716,194122,287435,382966,75.05,67.54,16.67,100649,52.77,30525,16.010000000000005,臺中市4,1,8.55213928222656,0,,,0,0
147,54,9,張麗善,2,中國國民黨,中國國民黨,全國不分區及僑居國外國民,2016-02-01,是,2018-11-02,辭職,1,1,1964-01-01,52,臺灣省,5,2,,,,,,,,,,,,全國不分區及僑居國外國民,2,,1,,,0,0
148,57,9,徐國勇,1,民主進步黨,民主進步黨,全國不分區及僑居國外國民,2016-02-01,是,2016-10-01,辭職,16,16,1958-06-07,57,臺北市,6,2,,,,,,,,,,,,全國不分區及僑居國外國民,2,,1,,,0,0
149,59,9,徐志榮,1,中國國民黨,中國國民黨,苗栗縣第2選舉區,2016-02-01,否,,,1,1,1955-07-31,60,臺灣省,2,1,146761,149218,232151,291742,79.57,64.28,20.0,73234,49.9,7769,5.299999999999997,苗栗縣2,1,6.338205337524414,1,,,0,0
150,60,9,徐榛蔚,2,中國國民黨,中國國民黨,全國不分區及僑居國外國民,2016-02-01,是,2018-12-25,辭職,1,1,1968-10-12,47,桃園市,4,2,,,,,,,,,,,,全國不分區及僑居國外國民,2,,0,,,0,0
151,62,9,徐永明,1,時代力量,時代力量,全國不分區及僑居國外國民,2016-02-01,否,,,267,267,1966-05-12,49,臺中市,6,2,,,,,,,,,,,,全國不分區及僑居國外國民,2,,0,,,0,0
152,64,9,施義芳,1,民主進步黨,民主進步黨,全國不分區及僑居國外國民,2016-05-26,否,,,16,16,1962-02-10,53,臺灣省,5,2,,,,,,,,,,,,全國不分區及僑居國外國民,2,,0,,,0,0
153,68,9,曾銘宗,1,中國國民黨,中國國民黨,全國不分區及僑居國外國民,2016-02-01,否,,,1,1,1959-01-22,56,臺灣省,6,2,,,,,,,,,,,,全國不分區及僑居國外國民,2,,0,,,0,0
154,71,9,李俊俋,1,民主進步黨,民主進步黨,嘉義市選舉區,2016-02-01,否,,,16,16,1965-07-06,50,臺灣省,5,1,137097,139544,208988,269404,77.57,66.77,25.0,73965,53.95,25072,18.290000000000006,嘉義市,1,8.424968719482422,1,,,0,0
155,74,9,李彥秀,2,中國國民黨,中國國民黨,臺北市第4選舉區,2016-02-01,否,,,1,1,1971-12-18,44,臺北市,4,2,214700,218941,320963,405507,79.15,68.21,12.5,89612,41.73,4012,1.8699999999999974,臺北市4,1,8.841773986816406,0,,,0,0
156,79,9,李應元,1,民主進步黨,民主進步黨,全國不分區及僑居國外國民,2016-02-01,是,2016-05-20,辭職,16,16,1953-03-16,62,臺灣省,6,1,,,,,,,,,,,,全國不分區及僑居國外國民,2,,3,,,0,0
157,80,9,李昆澤,1,民主進步黨,民主進步黨,高雄市第6選舉區,2016-02-01,否,,,16,16,1964-04-29,51,臺灣省,5,1,142504,144307,210687,263893,79.84,68.49,33.33,83986,58.93,27297,19.15,高雄市6,1,9.942572593688965,2,,,0,0
158,85,9,李鴻鈞,1,親民黨,親民黨,全國不分區及僑居國外國民,2016-02-01,否,,,90,90,1959-05-11,56,新北市,6,1,,,,,,,,,,,,全國不分區及僑居國外國民,2,,4,,,0,0
159,86,9,李麗芬,2,民主進步黨,民主進步黨,全國不分區及僑居國外國民,2016-05-26,否,,,16,16,1968-12-20,47,臺灣省,4,2,,,,,,,,,,,,全國不分區及僑居國外國民,2,,0,,,0,0
160,89,9,林俊憲,1,民主進步黨,民主進步黨,臺南市第4選舉區,2016-02-01,否,,,16,16,1965-03-07,50,臺南市,5,2,199166,202319,301713,378454,79.72,67.06,16.67,117302,58.89,52650,26.43,臺南市4,1,9.0323486328125,0,,,0,0
161,91,9,林奕華,2,中國國民黨,中國國民黨,全國不分區及僑居國外國民,2018-11-09,否,,,1,1,1968-10-21,47,臺中市,5,2,,,,,,,,,,,,全國不分區及僑居國外國民,2,,0,,,0,0
162,93,9,林岱樺,2,民主進步黨,民主進步黨,高雄市第4選舉區,2016-02-01,否,,,16,16,1972-08-04,43,高雄市,5,1,162473,166337,248774,304795,81.62,66.86,33.33,122722,75.53,85011,52.32,高雄市4,1,7.536966323852539,4,,,0,0
163,95,9,林德福,1,中國國民黨,中國國民黨,新北市第9選舉區,2016-02-01,否,,,1,1,1953-10-23,62,新北市,2,1,157822,163840,239962,293240,81.83,68.28,20.0,82761,52.43,36101,22.87,新北市9,1,10.28968906402588,4,,,0,0
164,99,9,林昶佐,1,無黨籍,0無,臺北市第5選舉區,2016-02-01,否,,,999,999,1976-02-01,39,臺北市,4,2,166895,170046,248868,304815,81.65,68.33,14.29,82650,49.52,6571,3.940000000000005,臺北市5,1,10.066978454589844,0,2019-08-01,2,0,0
165,102,9,林淑芬,2,民主進步黨,民主進步黨,新北市第2選舉區,2016-02-01,否,,,16,16,1973-01-17,42,臺灣省,1,1,179356,183736,274711,347738,79.0,66.88,50.0,123299,68.74,67242,37.489999999999995,新北市2,1,9.711467742919922,3,,,0,0
166,105,9,林為洲,1,中國國民黨,中國國民黨,新竹縣選舉區,2016-02-01,否,,,1,1,1961-07-25,54,臺灣省,4,2,254427,262758,396492,520418,76.19,66.27,12.5,93495,36.74,8325,3.270000000000003,新竹縣,1,6.554203987121582,1,,,0,0
167,108,9,林靜儀,2,民主進步黨,民主進步黨,全國不分區及僑居國外國民,2016-02-01,否,,,16,16,1974-02-12,41,臺灣省,5,2,,,,,,,,,,,,全國不分區及僑居國外國民,2,,0,,,0,0
168,110,9,林麗蟬,2,中國國民黨,中國國民黨,全國不分區及僑居國外國民,2016-02-01,否,,,1,1,1977-10-02,38,其他,5,2,,,,,,,,,,,,全國不分區及僑居國外國民,2,,0,,,0,0
169,111,9,柯呈枋,1,中國國民黨,中國國民黨,彰化縣第1選舉區,2019-03-21,否,,,1,1,1972-11-30,46,臺灣省,5,2,91803,92411,252529,316271,79.85,29.220000000000002,33.33,47835,52.11,5889,6.41,彰化縣1,1,7.173912525177002,0,,,0,0
170,112,9,柯建銘,1,民主進步黨,民主進步黨,新竹市選舉區,2016-02-01,否,,,16,16,1951-09-08,64,臺灣省,4,1,219311,222206,324395,429915,75.46,68.5,10.0,90642,41.33,10691,4.8799999999999955,新竹市,1,8.345541000366211,7,,,0,0
171,113,9,柯志恩,2,中國國民黨,中國國民黨,全國不分區及僑居國外國民,2016-02-01,否,,,1,1,1962-04-29,53,臺灣省,6,2,,,,,,,,,,,,全國不分區及僑居國外國民,2,,0,,,0,0
172,116,9,楊曜,1,民主進步黨,民主進步黨,澎湖縣選舉區,2016-02-01,否,,,16,16,1966-12-06,49,臺灣省,4,1,41709,42917,83154,101852,81.64,51.61,25.0,23107,55.4,6427,15.409999999999997,澎湖縣,1,6.409829616546631,1,,,0,0
173,119,9,楊鎮浯,1,中國國民黨,中國國民黨,金門縣選舉區,2016-02-01,是,2018-12-25,辭職,1,1,1972-06-26,43,金馬地區,5,2,36267,37014,109478,131568,83.21,33.81,12.5,16350,45.08,6945,19.15,金門縣,1,6.682597160339356,0,,,0,0
174,121,9,段宜康,1,民主進步黨,民主進步黨,全國不分區及僑居國外國民,2016-02-01,否,,,16,16,1963-11-14,52,臺北市,4,1,,,,,,,,,,,,全國不分區及僑居國外國民,2,,2,,,0,0
175,122,9,江啟臣,1,中國國民黨,中國國民黨,臺中市第8選舉區,2016-02-01,否,,,1,1,1972-03-02,43,臺中市,6,1,145163,147244,207927,262534,79.2,70.82,33.33,72024,49.61,1475,1.019999999999996,臺中市8,1,7.034326076507568,1,,,0,0
176,124,9,江永昌,1,民主進步黨,民主進步黨,新北市第8選舉區,2016-02-01,否,,,16,16,1969-10-22,46,新北市,5,2,187345,193586,282028,342980,82.23,68.64,16.67,100543,53.66,24805,13.239999999999995,新北市8,1,9.96938705444336,0,,,0,0
177,128,9,沈智慧,2,中國國民黨,中國國民黨,臺中市第5選舉區,2019-02-01,否,,,1,1,1957-09-16,61,臺中市,6,2,85200,85621,337848,408518,82.69999999999999,20.96,25.0,49230,57.78,16327,19.16,臺中市5,1,9.366521835327148,5,,,0,0
178,131,9,洪宗熠,1,民主進步黨,民主進步黨,彰化縣第3選舉區,2016-02-01,否,,,16,16,1969-01-27,46,臺灣省,5,2,169585,173540,270227,336417,80.33,64.22,20.0,75609,44.58,6161,3.6299999999999955,彰化縣3,1,6.760020732879639,0,,,0,0
179,132,9,洪慈庸,2,無黨籍,0無,臺中市第3選舉區,2016-02-01,否,,,999,999,1982-12-20,33,臺中市,4,2,173476,175309,243934,314283,77.62,71.87,33.33,93451,53.86,15117,8.71,臺中市3,1,7.760326385498047,0,2019-08-13,2,0,0
180,143,9,王定宇,1,民主進步黨,民主進步黨,臺南市第5選舉區,2016-02-01,否,,,16,16,1969-03-05,46,高雄市,5,2,213131,218364,327221,408759,80.05,66.73,25.0,153553,72.04,101811,47.77000000000001,臺南市5,1,7.462966918945312,0,,,0,0
181,146,9,王惠美,2,中國國民黨,中國國民黨,彰化縣第1選舉區,2016-02-01,是,2018-12-25,辭職,1,1,1968-11-22,47,臺灣省,5,1,164376,168863,247505,316271,78.26,68.23,50.0,92373,56.19,20370,12.39,彰化縣1,1,7.173912525177002,1,,,0,0
182,147,9,王榮璋,1,民主進步黨,民主進步黨,全國不分區及僑居國外國民,2016-02-01,否,,,16,16,1964-05-28,51,高雄市,2,2,,,,,,,,,,,,全國不分區及僑居國外國民,2,,1,,,0,0
183,149,9,王育敏,2,中國國民黨,中國國民黨,全國不分區及僑居國外國民,2016-02-01,否,,,1,1,1971-04-11,44,臺灣省,5,1,,,,,,,,,,,,全國不分區及僑居國外國民,2,,1,,,0,0
184,151,9,王金平,1,中國國民黨,中國國民黨,全國不分區及僑居國外國民,2016-02-01,否,,,1,1,1941-03-17,74,高雄市,4,1,,,,,,,,,,,,全國不分區及僑居國外國民,2,,7,,,0,0
185,155,9,盧秀燕,2,中國國民黨,中國國民黨,臺中市第5選舉區,2016-02-01,是,2018-11-20,辭職,1,1,1961-08-31,54,臺灣省,5,1,210501,214936,321452,408515,78.69,66.86,25.0,108446,51.51,24329,11.549999999999997,臺中市5,1,9.366521835327148,5,,,0,0
186,156,9,童惠珍,2,中國國民黨,中國國民黨,全國不分區及僑居國外國民,2019-01-02,否,,,1,1,1965-06-16,50,臺北市,5,2,,,,,,,,,,,,全國不分區及僑居國外國民,2,,0,,,0,0
187,157,9,管碧玲,2,民主進步黨,民主進步黨,高雄市第5選舉區,2016-02-01,否,,,16,16,1956-12-09,59,臺中市,6,1,148903,151450,221204,270663,81.73,68.47,25.0,88506,59.43,31034,20.839999999999996,高雄市5,1,9.368345260620115,3,,,0,0
188,158,9,簡東明Uliw．Qaljupayare,1,中國國民黨,中國國民黨,山地原住民,2016-02-01,否,,,1,1,1951-06-04,64,臺灣省,3,1,,,,,,,,,,,,山地原住民,4,,2,,,0,0
189,161,9,羅明才,1,中國國民黨,中國國民黨,新北市第11選舉區,2016-02-01,否,,,1,1,1967-01-15,49,臺灣省,5,1,184226,188462,281608,337850,83.35,66.92,33.33,93962,51.0,26185,14.21,新北市11,1,6.600414752960205,5,,,0,0
190,164,9,羅致政,1,民主進步黨,民主進步黨,新北市第7選舉區,2016-02-01,否,,,16,16,1964-11-17,51,臺灣省,6,2,153966,156437,224631,284858,78.86,69.64,25.0,82544,53.61,21199,13.769999999999996,新北市7,1,10.170262336730955,0,,,0,0
191,168,9,莊瑞雄,1,民主進步黨,民主進步黨,屏東縣第3選舉區,2016-02-01,否,,,16,16,1963-04-20,52,臺灣省,5,1,125661,127895,201649,247434,81.5,63.42,20.0,67260,53.52,25937,20.64,屏東縣3,1,6.291550636291504,1,,,0,0
192,171,9,葉宜津,2,民主進步黨,民主進步黨,臺南市第1選舉區,2016-02-01,否,,,16,16,1960-08-21,55,臺南市,5,1,165458,171018,272907,327964,83.21,62.67,25.0,117842,71.22,81158,49.05,臺南市1,1,6.267124652862549,5,,,0,0
193,173,9,蔡其昌,1,民主進步黨,民主進步黨,臺中市第1選舉區,2016-02-01,否,,,16,16,1969-04-16,46,臺中市,5,1,140267,142738,211316,270382,78.15,67.55,20.0,84355,60.13,31062,22.14,臺中市1,1,6.952317237854004,2,,,0,1
194,175,9,蔡培慧,2,民主進步黨,民主進步黨,全國不分區及僑居國外國民,2016-02-01,否,,,16,16,1971-09-02,44,臺灣省,6,2,,,,,,,,,,,,全國不分區及僑居國外國民,2,,0,,,0,0
195,177,9,蔡易餘,1,民主進步黨,民主進步黨,嘉義縣第1選舉區,2016-02-01,否,,,16,16,1981-03-14,34,臺灣省,4,2,136831,139952,201665,243252,82.9,69.4,33.33,72469,52.96,10293,7.530000000000001,嘉義縣1,1,6.185158729553223,0,,,0,0
196,180,9,蔡適應,1,民主進步黨,民主進步黨,基隆市選舉區,2016-02-01,否,,,16,16,1973-06-14,42,臺北市,5,2,189869,192247,298947,363090,82.33,64.31,25.0,78707,41.45,10075,5.310000000000002,基隆市,1,8.471088409423828,0,,,0,0
197,182,9,蔣乃辛,1,中國國民黨,中國國民黨,臺北市第6選舉區,2016-02-01,否,,,1,1,1948-09-24,67,其他,5,1,160560,163808,245521,311718,78.76,66.72,8.33,74015,46.09,17249,10.740000000000002,臺北市6,1,10.22416877746582,2,,,0,0
198,184,9,蔣絜安,2,民主進步黨,民主進步黨,全國不分區及僑居國外國民,2018-07-17,否,,,16,16,1968-07-07,47,臺灣省,5,2,,,,,,,,,,,,全國不分區及僑居國外國民,2,,0,,,0,0
199,185,9,蔣萬安,1,中國國民黨,中國國民黨,臺北市第3選舉區,2016-02-01,否,,,1,1,1978-12-26,37,臺北市,6,2,192089,195877,289911,361907,80.11,67.56,10.0,89673,46.68,15876,8.270000000000003,臺北市3,1,9.90584659576416,0,,,0,0
200,187,9,蕭美琴,2,民主進步黨,民主進步黨,花蓮縣選舉區,2016-02-01,否,,,16,16,1971-08-07,44,其他,5,1,117594,120122,198114,240031,82.54,60.63,25.0,63231,53.77,11983,10.190000000000005,花蓮縣,1,6.184973239898682,3,,,0,0
201,189,9,蘇嘉全,1,民主進步黨,民主進步黨,全國不分區及僑居國外國民,2016-02-01,否,,,16,16,1956-10-22,59,臺灣省,5,2,,,,,,,,,,,,全國不分區及僑居國外國民,2,,2,,,1,0
202,190,9,蘇巧慧,2,民主進步黨,民主進步黨,新北市第5選舉區,2016-02-01,否,,,16,16,1976-04-05,39,臺北市,5,2,164381,166321,244030,312730,78.03,68.16,33.33,92237,56.11,25223,15.350000000000001,新北市5,1,9.179351806640623,0,,,0,0
203,191,9,蘇治芬,2,民主進步黨,民主進步黨,雲林縣第1選舉區,2016-02-01,否,,,16,16,1953-07-10,62,臺灣省,2,2,162634,167757,279736,344461,81.21,59.97,33.33,87378,53.72,17764,10.920000000000002,雲林縣1,1,6.241756439208984,1,,,0,0
204,193,9,蘇震清,1,民主進步黨,民主進步黨,屏東縣第1選舉區,2016-02-01,否,,,16,16,1965-02-02,50,臺灣省,5,1,145572,150291,228120,274836,83.0,65.88,50.0,101894,69.99,58216,39.989999999999995,屏東縣1,1,6.051806926727295,2,,,0,0
205,195,9,許智傑,1,民主進步黨,民主進步黨,高雄市第8選舉區,2016-02-01,否,,,16,16,1966-01-05,50,臺灣省,5,1,186488,190025,281637,353170,79.75,67.47,14.29,110276,59.13,51309,27.520000000000003,高雄市8,1,9.422904014587402,1,,,0,0
206,196,9,許毓仁,1,中國國民黨,中國國民黨,全國不分區及僑居國外國民,2016-02-01,否,,,1,1,1978-07-19,37,高雄市,4,2,,,,,,,,,,,,全國不分區及僑居國外國民,2,,0,,,0,0
207,197,9,許淑華,2,中國國民黨,中國國民黨,南投縣第2選舉區,2016-02-01,否,,,1,1,1975-10-15,40,臺灣省,5,1,129722,133336,204977,250492,81.83,65.05,50.0,73485,56.64,17248,13.29,南投縣2,1,5.994684219360352,1,,,0,0
208,204,9,谷辣斯．尤達卡Kolas Yotaka,2,民主進步黨,民主進步黨,全國不分區及僑居國外國民,2016-02-01,是,2018-07-16,辭職,16,16,1974-03-17,41,臺灣省,5,2,,,,,,,,,,,,全國不分區及僑居國外國民,2,,0,,,0,0
209,205,9,費鴻泰,1,中國國民黨,中國國民黨,臺北市第7選舉區,2016-02-01,否,,,1,1,1954-07-07,61,臺北市,6,1,165280,168289,248887,304577,81.72,67.62,12.5,74455,45.04,4573,2.759999999999998,臺北市7,1,10.003687858581545,3,,,0,0
210,208,9,賴士葆,1,中國國民黨,中國國民黨,臺北市第8選舉區,2016-02-01,否,,,1,1,1951-06-20,64,臺中市,6,1,168893,172362,252360,323189,78.08,68.3,16.67,83931,49.69,23472,13.899999999999999,臺北市8,1,9.622310638427734,4,,,0,0
211,212,9,賴瑞隆,1,民主進步黨,民主進步黨,高雄市第9選舉區,2016-02-01,否,,,16,16,1973-11-15,42,臺灣省,5,2,166516,169350,250192,308478,81.11,67.69,25.0,100862,60.57,43516,26.14,高雄市9,1,8.7794189453125,0,,,0,0
212,214,9,趙天麟,1,民主進步黨,民主進步黨,高雄市第7選舉區,2016-02-01,否,,,16,16,1973-03-08,42,臺北市,5,1,160696,163146,239787,287880,83.29,68.04,20.0,97228,60.5,42459,26.42,高雄市7,1,9.73849868774414,1,,,0,0
213,215,9,趙正宇,1,無黨籍,民主進步黨,桃園市第6選舉區,2016-02-01,否,,,999,16,1966-03-29,49,桃園市,5,2,163934,167257,248233,315417,78.7,67.38,16.67,76278,46.52,768,0.46000000000000085,桃園市6,1,7.924662113189697,0,,,0,0
214,217,9,邱志偉,1,民主進步黨,民主進步黨,高雄市第2選舉區,2016-02-01,否,,,16,16,1972-07-24,43,臺灣省,6,1,175247,178539,256424,316584,81.0,69.63,20.0,110819,63.23,49633,28.32,高雄市2,1,7.3627848625183105,1,,,0,0
215,220,9,邱泰源,1,民主進步黨,民主進步黨,全國不分區及僑居國外國民,2016-10-04,否,,,16,16,1956-10-30,59,臺灣省,5,2,,,,,,,,,,,,全國不分區及僑居國外國民,2,,0,,,0,0
216,222,9,邱議瑩,2,民主進步黨,民主進步黨,高雄市第1選舉區,2016-02-01,否,,,16,16,1971-06-01,44,臺灣省,5,1,148136,150819,224630,268567,83.64,67.14,25.0,87432,59.02,28743,19.410000000000004,高雄市1,1,5.791854381561279,3,,,0,0
217,225,9,郭國文,1,民主進步黨,民主進步黨,臺南市第2選舉區,2019-03-21,否,,,16,16,1967-03-11,52,臺南市,6,2,133587,134275,301571,364580,82.72,36.83,16.67,62858,47.05,3664,2.74,臺南市2,1,6.254962921142578,0,,,0,0
218,227,9,郭正亮,1,民主進步黨,民主進步黨,全國不分區及僑居國外國民,2016-09-02,否,,,16,16,1961-06-24,54,高雄市,6,2,,,,,,,,,,,,全國不分區及僑居國外國民,2,,2,,,0,0
219,230,9,鄭天財 Sra Kacaw,1,中國國民黨,中國國民黨,平地原住民,2016-02-01,否,,,1,1,1956-12-16,59,臺灣省,4,1,,,,,,,,,,,,平地原住民,3,,1,,,0,0
220,231,9,鄭寶清,1,民主進步黨,民主進步黨,桃園市第4選舉區,2016-02-01,否,,,16,16,1955-01-10,61,桃園市,6,2,172666,175561,261773,344060,76.08,67.07,50.0,86413,50.04,160,0.0899999999999963,桃園市4,1,9.384157180786133,2,,,0,0
221,234,9,鄭秀玲,2,時代力量,時代力量,全國不分區及僑居國外國民,2019-09-11,否,,,267,267,1955-10-09,60,臺北市,6,2,,,,,,,,,,,,全國不分區及僑居國外國民,2,,0,,,0,0
222,235,9,鄭運鵬,1,民主進步黨,民主進步黨,桃園市第1選舉區,2016-02-01,否,,,16,16,1973-06-02,42,臺北市,4,2,181899,184338,277449,364797,76.06,66.44,33.33,85955,47.25,5813,3.200000000000003,桃園市1,1,8.566106796264648,1,,,0,0
223,237,9,鄭麗君,2,民主進步黨,民主進步黨,全國不分區及僑居國外國民,2016-02-01,是,2016-05-20,辭職,16,16,1969-06-19,46,臺北市,5,1,,,,,,,,,,,,全國不分區及僑居國外國民,2,,1,,,0,0
224,239,9,鍾佳濱,1,民主進步黨,民主進步黨,屏東縣第2選舉區,2016-02-01,否,,,16,16,1965-02-23,50,高雄市,5,2,145019,147421,213023,260943,81.64,69.2,50.0,76204,52.54,7389,5.089999999999996,屏東縣2,1,7.398841381072998,0,,,0,0
225,240,9,鍾孔炤,1,民主進步黨,民主進步黨,全國不分區及僑居國外國民,2016-02-01,否,,,16,16,1956-11-14,59,臺灣省,2,2,,,,,,,,,,,,全國不分區及僑居國外國民,2,,0,,,0,0
226,242,9,陳亭妃,2,民主進步黨,民主進步黨,臺南市第3選舉區,2016-02-01,否,,,16,16,1974-07-19,41,臺南市,5,1,208750,212776,318142,398400,79.85,66.88,25.0,149002,71.37,95297,45.650000000000006,臺南市3,1,9.118074417114258,2,,,0,0
227,244,9,陳其邁,1,民主進步黨,民主進步黨,全國不分區及僑居國外國民,2016-02-01,是,2018-11-03,辭職,16,16,1964-12-23,51,臺灣省,5,1,,,,,,,,,,,,全國不分區及僑居國外國民,2,,4,,,0,0
228,248,9,陳學聖,1,中國國民黨,中國國民黨,桃園市第3選舉區,2016-02-01,否,,,1,1,1957-09-28,58,臺北市,5,1,173345,175959,259562,335216,77.43,67.79,20.0,77505,44.71,385,0.23000000000000398,桃園市3,1,8.498342514038086,3,,,0,0
229,249,9,陳宜民,1,中國國民黨,中國國民黨,全國不分區及僑居國外國民,2016-02-01,否,,,1,1,1956-12-28,59,臺北市,6,2,,,,,,,,,,,,全國不分區及僑居國外國民,2,,0,,,0,0
230,250,9,陳怡潔,2,親民黨,親民黨,全國不分區及僑居國外國民,2016-02-01,否,,,90,90,1979-09-09,36,臺北市,6,1,,,,,,,,,,,,全國不分區及僑居國外國民,2,,1,,,0,0
231,251,9,陳明文,1,民主進步黨,民主進步黨,嘉義縣第2選舉區,2016-02-01,否,,,16,16,1954-05-13,61,臺灣省,4,1,135833,141024,223450,271083,82.43,63.11,33.33,88538,65.18,45259,33.32000000000001,嘉義縣2,1,5.803024291992188,3,,,0,0
232,252,9,陳曼麗,2,民主進步黨,民主進步黨,全國不分區及僑居國外國民,2016-02-01,否,,,16,16,1955-02-05,60,臺北市,5,2,,,,,,,,,,,,全國不分區及僑居國外國民,2,,0,,,0,0
233,257,9,陳歐珀,1,民主進步黨,民主進步黨,宜蘭縣選舉區,2016-02-01,否,,,16,16,1962-10-12,53,臺灣省,5,1,224281,229244,357077,441410,80.89,64.2,12.5,120393,53.67,57026,25.42,宜蘭縣,1,7.031970977783203,1,,,0,0
234,259,9,陳玉珍,2,中國國民黨,中國國民黨,金門縣選舉區,2019-03-21,否,,,1,1,1973-10-29,45,金馬地區,5,2,24803,24968,117730,131568,89.48,18.98,16.67,7117,28.689999999999998,1097,4.42,金門縣,1,6.682597160339356,0,2019-08-14,2,0,0
235,261,9,陳瑩,2,民主進步黨,民主進步黨,平地原住民,2016-02-01,否,,,16,16,1972-11-15,43,臺灣省,5,2,,,,,,,,,,,,平地原住民,3,,2,,,0,0
236,267,9,陳素月,2,民主進步黨,民主進步黨,彰化縣第4選舉區,2016-02-01,否,,,16,16,1966-01-18,49,臺灣省,5,1,166885,171026,260906,327622,79.64,65.55,50.0,95518,57.23,24151,14.469999999999999,彰化縣4,1,7.304401397705078,1,,,0,0
237,268,9,陳賴素美,2,民主進步黨,民主進步黨,桃園市第2選舉區,2016-02-01,否,,,16,16,1964-01-10,52,臺灣省,4,2,178988,182056,271280,349758,77.56,67.11,16.67,89792,50.16,13319,7.439999999999998,桃園市2,1,6.87086296081543,0,,,0,0
238,269,9,陳超明,1,中國國民黨,中國國民黨,苗栗縣第1選舉區,2016-02-01,否,,,1,1,1951-12-17,64,臺灣省,4,1,133394,136215,207220,261102,79.36,65.73,20.0,56373,42.26,8536,6.399999999999999,苗栗縣1,1,6.301537990570068,2,,,0,0
239,271,9,陳雪生,1,中國國民黨,中國國民黨,連江縣選舉區,2016-02-01,否,,,1,1,1952-01-01,64,金馬地區,2,1,4300,4438,9921,12367,80.22,44.73,25.0,2927,68.06,2167,50.39,連江縣,1,6.348964214324951,1,,,0,0
240,272,9,陳靜敏,2,民主進步黨,民主進步黨,全國不分區及僑居國外國民,2018-11-09,否,,,16,16,1966-05-02,49,臺北市,6,2,,,,,,,,,,,,全國不分區及僑居國外國民,2,,0,,,0,0
241,273,9,顏寬恒,1,中國國民黨,中國國民黨,臺中市第2選舉區,2016-02-01,否,,,1,1,1977-09-14,38,臺中市,5,1,200399,203997,288136,370087,77.86,70.8,25.0,93495,46.65,5899,2.9399999999999977,臺中市2,1,7.767738342285156,1,,,0,0
242,275,9,顧立雄,1,民主進步黨,民主進步黨,全國不分區及僑居國外國民,2016-02-01,是,2016-08-31,辭職,16,16,1958-10-31,57,臺灣省,5,2,,,,,,,,,,,,全國不分區及僑居國外國民,2,,0,,,0,0
243,276,9,馬文君,2,中國國民黨,中國國民黨,南投縣第1選舉區,2016-02-01,否,,,1,1,1965-12-01,50,臺灣省,5,1,116121,119006,188743,230505,81.88,63.05,50.0,63600,54.77,11079,9.550000000000004,南投縣1,1,5.707475662231445,2,,,0,0
244,278,9,高志鵬,1,民主進步黨,民主進步黨,新北市第3選舉區,2016-02-01,是,2018-12-26,依108年01月04日台立人字第1071402131號函，因案於107年12月26日經最高法院判決褫奪公權確定，並自判決確定之日起，註銷名籍。,16,16,1963-08-08,52,臺灣省,5,1,177028,180361,259224,317563,81.63,69.58,11.11,96557,54.54,33834,19.11,新北市3,1,9.977987289428713,4,,,0,0
245,279,9,高潞．以用．巴魕剌Kawlo．Iyun．Pacidal,2,時代力量,時代力量,全國不分區及僑居國外國民,2016-02-01,是,2019-09-04,喪失黨籍,267,267,1977-04-09,38,臺北市,4,2,,,,,,,,,,,,全國不分區及僑居國外國民,2,,0,,,0,0
246,281,9,高金素梅,2,無黨團結聯盟,親民黨,山地原住民,2016-02-01,否,,,106,90,1965-09-21,50,臺中市,2,1,,,,,,,,,,,,山地原住民,4,,4,,,0,0
247,286,9,黃偉哲,1,民主進步黨,民主進步黨,臺南市第2選舉區,2016-02-01,是,2018-12-25,辭職,16,16,1963-09-26,52,臺北市,5,1,191467,195828,298294,364580,81.82,65.65,20.0,146414,76.46,110672,57.8,臺南市2,1,6.254962921142578,3,,,0,0
248,288,9,黃國昌,1,時代力量,時代力量,新北市第12選舉區,2016-02-01,否,,,267,267,1973-08-19,42,新北市,6,2,156266,160121,251191,302727,82.98,63.74,25.0,80508,51.51,12190,7.799999999999997,新北市12,1,6.430235385894775,0,,,0,0
249,289,9,黃國書,1,民主進步黨,民主進步黨,臺中市第6選舉區,2016-02-01,否,,,16,16,1964-01-03,52,臺灣省,5,1,171732,174693,258303,329442,78.41,67.63,33.33,95725,55.74,26114,15.21,臺中市6,1,9.723369598388672,1,,,0,0
250,292,9,黃昭順,2,中國國民黨,中國國民黨,全國不分區及僑居國外國民,2016-02-01,否,,,1,1,1953-08-22,62,臺灣省,5,1,,,,,,,,,,,,全國不分區及僑居國外國民,2,,7,,,0,0
251,294,9,黃秀芳,2,民主進步黨,民主進步黨,彰化縣第2選舉區,2016-02-01,否,,,16,16,1971-11-10,44,臺灣省,4,2,162471,165026,237921,302973,78.53,69.36,14.29,73227,45.07,8207,5.060000000000002,彰化縣2,1,7.518308639526367,0,,,0,0
252,1,10,伍麗華Saidhai‧Tahovecahe,2,民主進步黨,民主進步黨,山地原住民選舉區,2020-02-01,否,,,16,16,1969-08-12,50,高雄市,5,2,,,,,,,,,,,,山地原住民,4,,0,,,0,0
253,2,10,何志偉,1,民主進步黨,民主進步黨,臺北市第2選舉區,2020-02-01,否,,,16,16,1982-05-14,37,其他國家,5,1,196683,202135,265434,321161,82.65,76.15,16.67,123652,62.87,54985,27.96,臺北市2,1,8.361663895067101,1,,,0,0
254,3,10,何欣純,2,民主進步黨,民主進步黨,臺中市第7選舉區,2020-02-01,否,,,16,16,1973-12-18,46,臺中市,5,1,236237,240505,319162,400978,79.6,75.36,20.0,149538,63.3,69538,29.439999999999998,臺中市7,1,7.665355039486815,2,,,0,0
255,4,10,余天,1,民主進步黨,民主進步黨,新北市第3選舉區,2020-02-01,否,,,16,16,1948-03-01,71,臺灣省,2,1,196702,200102,262709,314369,83.57,76.17,14.29,90022,45.77,26190,13.32,新北市3,1,9.817843603826516,2,,,0,0
256,8,10,傅崐萁,1,中國國民黨,中國國民黨,花蓮縣選舉區,2020-02-01,否,,,1,1,1962-05-08,57,臺中市,5,2,139354,140751,197162,233092,84.59,71.39,16.67,64060,45.97,7575,5.439999999999998,花蓮縣,1,3.751854253275325,3,2021-11-19,2,0,0
257,9,10,劉世芳,2,民主進步黨,民主進步黨,高雄市第3選舉區,2020-02-01,否,,,16,16,1959-08-13,60,臺北市,5,1,233829,236787,304481,380660,79.99,77.77,9.09,102300,43.75,14635,6.259999999999998,高雄市3,1,8.81504636242941,2,,,0,0
258,10,10,劉建國,1,民主進步黨,民主進步黨,雲林縣第2選舉區,2020-02-01,否,,,16,16,1969-03-09,50,臺灣省,5,1,208493,211307,283554,344155,82.39,74.52,25.0,119468,57.3,37318,17.9,雲林縣2,1,6.1420804154151085,3,,,0,0
259,11,10,劉櫂豪,1,民主進步黨,民主進步黨,臺東縣選舉區,2020-02-01,否,,,16,16,1967-02-02,52,臺灣省,4,1,78161,79208,117051,138222,84.68,67.67,25.0,41493,53.09,8756,11.21,臺東縣,1,3.505557396986398,2,,,0,0
260,16,10,吳思瑤,2,民主進步黨,民主進步黨,臺北市第1選舉區,2020-02-01,否,,,16,16,1974-05-28,45,新北市,5,1,206924,210421,275438,337659,81.57,76.4,14.29,107850,52.12,24284,11.739999999999995,臺北市1,1,8.403672807736275,1,,,0,0
261,17,10,吳怡玎,2,中國國民黨,中國國民黨,全國不分區及僑居國外國民,2020-02-01,否,,,1,1,1979-11-13,40,高雄市,6,2,,,,,,,,,,,,全國不分區及僑居國外國民,2,,0,,,0,0
262,19,10,吳斯懷,1,中國國民黨,中國國民黨,全國不分區及僑居國外國民,2020-02-01,否,,,1,1,1952-12-15,67,新北市,4,2,,,,,,,,,,,,全國不分區及僑居國外國民,2,,0,,,0,0
263,20,10,吳欣盈,2,台灣民眾黨,台灣民眾黨,全國不分區及僑居國外國民,2022-11-02,否,,,350,350,1978-05-18,41,其他國家,5,2,,,,,,,,,,,,全國不分區及僑居國外國民,2,,0,,,0,0
264,23,10,吳玉琴,2,民主進步黨,民主進步黨,全國不分區及僑居國外國民,2020-02-01,否,,,16,16,1964-08-15,55,臺灣省,5,1,,,,,,,,,,,,全國不分區及僑居國外國民,2,,1,,,0,0
265,24,10,吳琪銘,1,民主進步黨,民主進步黨,新北市第10選舉區,2020-02-01,否,,,16,16,1963-02-24,56,臺灣省,5,1,206970,209881,282441,346775,81.45,74.31,20.0,92665,44.77,18979,9.170000000000002,新北市10,1,7.153020335543121,1,,,0,0
266,25,10,吳秉叡,1,民主進步黨,民主進步黨,新北市第4選舉區,2020-02-01,否,,,16,16,1966-10-07,53,臺灣省,5,1,216675,221934,293428,363644,80.69,75.63,11.11,119461,55.13,39006,18.0,新北市4,1,9.72433337429851,3,,,0,0
267,30,10,呂玉玲,2,中國國民黨,中國國民黨,桃園市第5選舉區,2020-02-01,否,,,1,1,1961-06-19,58,桃園市,5,1,201665,204668,271396,340977,79.59,75.41,20.0,94218,46.72,4589,2.280000000000001,桃園市5,1,7.699230807364331,2,,,0,0
268,33,10,周春米,2,民主進步黨,民主進步黨,全國不分區及僑居國外國民,2020-02-01,是,2022-12-25,辭職,16,16,1966-11-01,53,臺灣省,4,1,,,,,,,,,,,,全國不分區及僑居國外國民,2,,1,,,0,0
269,36,10,孔文吉,1,中國國民黨,中國國民黨,山地原住民選舉區,2020-02-01,否,,,1,1,1957-10-18,62,臺灣省,6,1,,,,,,,,,,,,山地原住民,4,,4,,,0,0
270,41,10,廖國棟Sufin‧Siluko,1,中國國民黨,中國國民黨,平地原住民選舉區,2020-02-01,否,,,1,1,1955-01-08,64,臺灣省,4,1,,,,,,,,,,,,平地原住民,3,,5,,,0,0
271,42,10,廖婉汝,2,中國國民黨,中國國民黨,全國不分區及僑居國外國民,2020-02-01,否,,,1,1,1960-01-27,59,臺灣省,5,2,,,,,,,,,,,,全國不分區及僑居國外國民,2,,4,,,0,0
272,44,10,張其祿,1,台灣民眾黨,台灣民眾黨,全國不分區及僑居國外國民,2020-02-01,否,,,350,350,1968-03-28,51,桃園市,6,2,,,,,,,,,,,,全國不分區及僑居國外國民,2,,0,,,0,0
273,46,10,張宏陸,1,民主進步黨,民主進步黨,新北市第6選舉區,2020-02-01,否,,,16,16,1972-01-10,47,臺中市,5,1,162346,165231,216250,262823,82.28,76.41,25.0,88236,54.35,19058,11.740000000000002,新北市6,1,9.979607499310802,1,,,0,0
274,47,10,張廖萬堅,1,民主進步黨,民主進步黨,臺中市第4選舉區,2020-02-01,否,,,16,16,1965-02-09,54,臺中市,5,1,235542,238946,310726,400354,77.61,76.9,12.5,119886,50.9,23426,9.949999999999996,臺中市4,1,8.382580071078053,1,,,0,0
275,51,10,張育美,2,中國國民黨,中國國民黨,全國不分區及僑居國外國民,2020-02-01,否,,,1,1,1957-05-12,62,臺灣省,5,2,,,,,,,,,,,,全國不分區及僑居國外國民,2,,0,,,0,0
276,59,10,徐志榮,1,中國國民黨,中國國民黨,苗栗縣第2選舉區,2020-02-01,否,,,1,1,1955-07-31,64,臺灣省,2,1,168394,171742,231819,282613,82.03,74.08,16.67,91144,54.13,40515,24.060000000000002,苗栗縣2,1,5.1881676230470495,2,,,0,0
277,68,10,曾銘宗,1,中國國民黨,中國國民黨,全國不分區及僑居國外國民,2020-02-01,否,,,1,1,1959-01-22,60,臺灣省,6,1,,,,,,,,,,,,全國不分區及僑居國外國民,2,,1,,,0,0
278,76,10,李德維,1,中國國民黨,中國國民黨,全國不分區及僑居國外國民,2020-02-01,否,,,1,1,1969-09-01,50,臺中市,5,2,,,,,,,,,,,,全國不分區及僑居國外國民,2,,0,,,0,0
279,80,10,李昆澤,1,民主進步黨,民主進步黨,高雄市第5選舉區,2020-02-01,否,,,16,16,1964-04-29,55,臺灣省,5,1,235795,238217,303844,365858,83.05,78.4,33.33,123239,52.27,31019,13.160000000000004,高雄市5,1,9.573102551048676,3,,,0,0
280,84,10,李貴敏,2,中國國民黨,中國國民黨,全國不分區及僑居國外國民,2020-02-01,否,,,1,1,1959-12-11,60,臺北市,6,2,,,,,,,,,,,,全國不分區及僑居國外國民,2,,1,,,0,0
281,89,10,林俊憲,1,民主進步黨,民主進步黨,臺南市第5選舉區,2020-02-01,否,,,16,16,1965-03-07,54,臺南市,5,1,199519,202540,265703,320014,83.03,76.23,16.67,110547,55.41,43183,21.65,臺南市5,1,8.604454703786072,1,,,0,0
282,91,10,林奕華,2,中國國民黨,中國國民黨,臺北市第6選舉區,2020-02-01,是,2023-02-03,辭職,1,1,1968-10-21,51,臺中市,5,1,178931,182474,243908,306446,79.59,74.81,10.0,93785,52.41,18067,10.089999999999996,臺北市6,1,9.974447754226002,1,,,0,0
283,92,10,林宜瑾,2,民主進步黨,民主進步黨,臺南市第4選舉區,2020-02-01,否,,,16,16,1969-08-25,50,臺南市,5,2,191262,194479,254823,313893,81.18,76.32,16.67,113046,59.11,41994,21.96,臺南市4,1,7.43675868128047,0,,,0,0
284,93,10,林岱樺,2,民主進步黨,民主進步黨,高雄市第4選舉區,2020-02-01,否,,,16,16,1972-08-04,47,高雄市,5,1,196918,201637,261093,312361,83.59,77.23,20.0,118219,60.03,61445,31.200000000000003,高雄市4,1,7.372765210447883,5,,,0,0
285,95,10,林德福,1,中國國民黨,中國國民黨,新北市第9選舉區,2020-02-01,否,,,1,1,1953-10-23,66,新北市,2,1,180998,185201,241303,288725,83.58,76.75,16.67,102108,56.41,33902,18.729999999999997,新北市9,1,10.35649220184088,5,,,0,0
286,96,10,林思銘,1,中國國民黨,中國國民黨,新竹縣第2選舉區,2020-02-01,否,,,1,1,1966-03-16,53,臺灣省,4,2,161954,164684,215236,288588,74.58,76.51,14.29,58575,36.17,2500,1.5500000000000043,新竹縣2,1,6.036461813038713,0,,,0,0
287,97,10,林文瑞,1,中國國民黨,中國國民黨,全國不分區及僑居國外國民,2020-02-01,否,,,1,1,1959-09-15,60,臺灣省,5,2,,,,,,,,,,,,全國不分區及僑居國外國民,2,,0,,,0,0
288,99,10,林昶佐,1,無黨籍,0無,臺北市第5選舉區,2020-02-01,否,,,999,999,1976-02-01,43,臺北市,4,1,182245,185123,244748,300180,81.53,75.64,12.5,81853,44.91,5416,2.969999999999999,臺北市5,1,9.758976676805739,1,,,0,0
289,100,10,林楚茵,2,民主進步黨,民主進步黨,全國不分區及僑居國外國民,2020-02-01,否,,,16,16,1972-10-10,47,新北市,4,2,,,,,,,,,,,,全國不分區及僑居國外國民,2,,0,,,0,0
290,102,10,林淑芬,2,民主進步黨,民主進步黨,新北市第2選舉區,2020-02-01,否,,,16,16,1973-01-17,46,臺灣省,5,1,212592,216489,288592,355150,81.26,75.02,33.33,132591,62.37,54966,25.86,新北市2,1,8.7815585293232,4,,,0,0
291,105,10,林為洲,1,中國國民黨,中國國民黨,新竹縣第1選舉區,2020-02-01,否,,,1,1,1961-07-25,58,臺灣省,4,1,148545,152531,205119,252969,81.08,74.36,16.67,74087,49.88,19225,12.950000000000003,新竹縣1,1,5.414454604177079,2,,,0,0
292,108,10,林靜儀,2,民主進步黨,民主進步黨,臺中市第2選舉區,2022-01-17,否,,,16,16,1974-02-12,47,臺灣省,6,2,171251,172446,295985,365586,80.96,58.26,20.0,88752,51.83,7840,4.58,臺中市2,1,7.032500687638496,1,,,0,0
293,112,10,柯建銘,1,民主進步黨,民主進步黨,全國不分區及僑居國外國民,2020-02-01,否,,,16,16,1951-09-08,68,臺灣省,4,1,,,,,,,,,,,,全國不分區及僑居國外國民,2,,8,,,0,0
294,116,10,楊曜,1,民主進步黨,民主進步黨,澎湖縣選舉區,2020-02-01,否,,,16,16,1966-12-06,53,臺灣省,4,1,49722,51013,87287,104625,83.43,58.44,33.33,26737,53.77,4405,8.860000000000007,澎湖縣,1,6.533876043433159,2,,,0,0
295,118,10,楊瓊瓔,2,中國國民黨,中國國民黨,臺中市第3選舉區,2020-02-01,否,,,1,1,1964-10-19,55,臺中市,5,2,196996,199155,255442,319795,79.88,77.96,16.67,91182,46.29,969,0.5,臺中市3,1,7.42522676996923,5,,,0,0
296,122,10,江啟臣,1,中國國民黨,中國國民黨,臺中市第8選舉區,2020-02-01,否,,,1,1,1972-03-02,47,臺中市,6,1,160499,163059,211362,259694,81.39,77.15,25.0,94750,59.03,32279,20.11,臺中市8,1,5.103943471229908,2,,,0,0
297,124,10,江永昌,1,民主進步黨,民主進步黨,新北市第8選舉區,2020-02-01,否,,,16,16,1969-10-22,50,新北市,5,1,214055,218383,285606,340678,83.83,76.46,16.67,101068,47.22,5597,2.6199999999999974,新北市8,1,9.716877814621636,1,,,0,0
298,129,10,沈發惠,1,民主進步黨,民主進步黨,全國不分區及僑居國外國民,2020-02-01,否,,,16,16,1966-11-02,53,臺北市,5,2,,,,,,,,,,,,全國不分區及僑居國外國民,2,,1,,,0,0
299,130,10,洪孟楷,1,中國國民黨,中國國民黨,新北市第1選舉區,2020-02-01,否,,,1,1,1983-01-01,36,臺北市,5,2,257308,261586,355104,439454,80.81,73.66,12.5,119401,46.4,9239,3.5899999999999963,新北市1,1,7.0739897971231605,0,,,0,0
300,133,10,洪申翰,1,民主進步黨,民主進步黨,全國不分區及僑居國外國民,2020-02-01,否,,,16,16,1984-10-18,35,臺北市,1,2,,,,,,,,,,,,全國不分區及僑居國外國民,2,,0,,,0,0
301,136,10,游毓蘭,2,中國國民黨,中國國民黨,全國不分區及僑居國外國民,2020-02-01,否,,,1,1,1958-02-27,61,臺灣省,6,2,,,,,,,,,,,,全國不分區及僑居國外國民,2,,0,,,0,0
302,137,10,游錫堃,1,民主進步黨,民主進步黨,全國不分區及僑居國外國民,2020-02-01,否,,,16,16,1948-04-25,71,臺灣省,4,2,,,,,,,,,,,,全國不分區及僑居國外國民,2,,0,,,1,0
303,138,10,湯蕙禎,2,民主進步黨,民主進步黨,全國不分區及僑居國外國民,2020-02-01,否,,,16,16,1954-10-03,65,桃園市,4,2,,,,,,,,,,,,全國不分區及僑居國外國民,2,,0,,,0,0
304,139,10,溫玉霞,2,中國國民黨,中國國民黨,全國不分區及僑居國外國民,2020-02-01,否,,,1,1,1955-08-05,64,臺灣省,5,2,,,,,,,,,,,,全國不分區及僑居國外國民,2,,0,,,0,0
305,142,10,王婉諭,2,時代力量,時代力量,全國不分區及僑居國外國民,2020-02-01,否,,,267,267,1979-04-26,40,臺灣省,5,2,,,,,,,,,,,,全國不分區及僑居國外國民,2,,0,,,0,0
306,143,10,王定宇,1,民主進步黨,民主進步黨,臺南市第6選舉區,2020-02-01,否,,,16,16,1969-03-05,50,高雄市,6,1,197406,200784,256866,316027,81.28,78.17,20.0,116174,58.85,44037,22.310000000000002,臺南市6,1,7.004881989712859,1,,,0,0
307,148,10,王美惠,2,民主進步黨,民主進步黨,嘉義市選舉區,2020-02-01,否,,,16,16,1965-04-15,54,臺灣省,5,2,160019,162257,213240,266616,79.98,76.09,12.5,80333,50.2,27179,16.980000000000004,嘉義市,1,8.175328039130985,0,,,0,0
308,152,10,王鴻薇,2,中國國民黨,中國國民黨,臺北市第3選舉區,2023-01-16,否,,,1,1,1964-07-10,58,臺灣省,4,2,115800,116155,267965,350793,76.39,43.35,33.33,60519,52.26,5780,4.99,臺北市3,1,9.528751193083187,0,,,0,0
309,157,10,管碧玲,2,民主進步黨,民主進步黨,全國不分區及僑居國外國民,2020-02-01,是,2023-01-31,辭職,16,16,1956-12-09,63,臺中市,6,1,,,,,,,,,,,,全國不分區及僑居國外國民,2,,4,,,0,0
310,161,10,羅明才,1,中國國民黨,中國國民黨,新北市第11選舉區,2020-02-01,否,,,1,1,1967-01-15,52,臺灣省,5,1,213668,218826,291485,341103,85.45,75.07,14.29,124714,58.37,50959,23.849999999999994,新北市11,1,5.927139336551424,6,,,0,0
311,163,10,羅美玲,2,民主進步黨,民主進步黨,全國不分區及僑居國外國民,2020-02-01,否,,,16,16,1969-05-01,50,其他國家,5,2,,,,,,,,,,,,全國不分區及僑居國外國民,2,,0,,,0,0
312,164,10,羅致政,1,民主進步黨,民主進步黨,新北市第7選舉區,2020-02-01,否,,,16,16,1964-11-17,55,臺灣省,6,1,176295,178750,233095,289365,80.55,76.69,14.29,82764,46.95,12105,6.8700000000000045,新北市7,1,9.780500939222078,1,,,0,0
313,165,10,翁重鈞,1,中國國民黨,中國國民黨,全國不分區及僑居國外國民,2020-02-01,否,,,1,1,1955-05-31,64,臺灣省,5,2,,,,,,,,,,,,全國不分區及僑居國外國民,2,,6,,,0,0
314,167,10,范雲,2,民主進步黨,民主進步黨,全國不分區及僑居國外國民,2020-02-01,否,,,16,16,1968-07-09,51,新北市,6,2,,,,,,,,,,,,全國不分區及僑居國外國民,2,,0,,,0,0
315,168,10,莊瑞雄,1,民主進步黨,民主進步黨,全國不分區及僑居國外國民,2020-02-01,否,,,16,16,1963-04-20,56,臺灣省,5,1,,,,,,,,,,,,全國不分區及僑居國外國民,2,,2,,,0,0
316,169,10,莊競程,1,民主進步黨,民主進步黨,臺中市第5選舉區,2020-02-01,否,,,16,16,1980-12-22,39,臺中市,6,2,257065,260998,343364,426477,80.51,76.01,11.11,114738,44.63,5272,2.0500000000000043,臺中市5,1,8.503207850849542,0,,,0,0
317,170,10,萬美玲,2,中國國民黨,中國國民黨,桃園市第4選舉區,2020-02-01,否,,,1,1,1969-09-25,50,臺北市,4,2,209271,213359,284490,363274,78.31,75.0,20.0,102763,49.11,5447,2.6099999999999994,桃園市4,1,9.294221855956884,0,,,0,0
318,173,10,蔡其昌,1,民主進步黨,民主進步黨,臺中市第1選舉區,2020-02-01,否,,,16,16,1969-04-16,50,臺中市,5,1,159512,163144,218024,272441,80.03,74.83,33.33,106376,66.69,59326,37.19,臺中市1,1,6.949501646138336,3,,,0,1
319,176,10,蔡壁如,2,台灣民眾黨,台灣民眾黨,全國不分區及僑居國外國民,2020-02-01,是,2022-10-17,辭職,350,350,1964-03-11,55,臺灣省,5,2,,,,,,,,,,,,全國不分區及僑居國外國民,2,,0,,,0,0
320,177,10,蔡易餘,1,民主進步黨,民主進步黨,嘉義縣第1選舉區,2020-02-01,否,,,16,16,1981-03-14,38,臺灣省,4,1,140795,144971,199857,234770,85.13,72.54,25.0,81028,57.55,24772,17.589999999999996,嘉義縣1,1,5.942405596818797,1,,,0,0
321,180,10,蔡適應,1,民主進步黨,民主進步黨,基隆市選舉區,2020-02-01,否,,,16,16,1973-06-14,46,臺北市,5,1,220087,223470,303637,359472,84.47,73.6,25.0,104082,47.29,20393,9.259999999999998,基隆市,1,7.735044290811018,1,,,0,0
322,185,10,蔣萬安,1,中國國民黨,中國國民黨,臺北市第3選舉區,2020-02-01,是,2022-11-10,辭職,1,1,1978-12-26,41,臺北市,6,1,219262,220943,288875,350793,82.35,76.48,25.0,112784,51.44,13245,6.039999999999999,臺北市3,1,9.528751193083187,1,,,0,0
323,190,10,蘇巧慧,2,民主進步黨,民主進步黨,新北市第5選舉區,2020-02-01,否,,,16,16,1976-04-05,43,臺北市,5,1,186286,189073,251452,312761,80.4,75.19,33.33,106368,57.1,28449,15.270000000000003,新北市5,1,8.401652140632494,1,,,0,0
324,191,10,蘇治芬,2,民主進步黨,民主進步黨,雲林縣第1選舉區,2020-02-01,否,,,16,16,1953-07-10,66,臺灣省,5,1,187294,191812,278458,334864,83.16,68.88,25.0,94786,50.61,7924,4.229999999999997,雲林縣1,1,6.013348340607986,2,,,0,0
325,193,10,蘇震清,1,無黨籍,民主進步黨,屏東縣第2選舉區,2020-02-01,否,,,999,16,1965-02-02,54,臺灣省,5,1,229806,235491,317010,376185,84.27,74.29,11.11,107956,46.98,16788,7.309999999999995,屏東縣2,1,5.19750206130922,3,2021-02-26,2,0,0
326,195,10,許智傑,1,民主進步黨,民主進步黨,高雄市第7選舉區,2020-02-01,否,,,16,16,1966-01-05,53,臺灣省,5,1,225034,227805,290775,356624,81.54,78.34,14.29,114998,51.1,28871,12.829999999999998,高雄市7,1,9.293396688013233,2,,,0,0
327,197,10,許淑華,2,中國國民黨,中國國民黨,南投縣第2選舉區,2020-02-01,是,2022-12-25,辭職,1,1,1975-10-15,44,臺灣省,5,1,146032,148730,202828,241118,84.12,73.33,20.0,80067,54.83,20745,14.21,南投縣2,1,4.683426683953859,2,,,0,0
328,203,10,謝衣鳯,2,中國國民黨,中國國民黨,彰化縣第3選舉區,2020-02-01,否,,,1,1,1977-07-12,42,臺灣省,6,2,190410,194935,270719,328553,82.4,72.01,25.0,97396,51.15,14016,7.359999999999999,彰化縣3,1,6.564038866564937,0,,,0,0
329,205,10,費鴻泰,1,中國國民黨,中國國民黨,臺北市第7選舉區,2020-02-01,否,,,1,1,1954-07-07,65,臺北市,6,1,183843,186062,244536,297466,82.21,76.09,20.0,85082,46.28,6025,3.280000000000001,臺北市7,1,9.657285817849125,4,,,0,0
330,206,10,賴品妤,2,民主進步黨,民主進步黨,新北市第12選舉區,2020-02-01,否,,,16,16,1992-03-02,27,臺北市,4,2,186032,188616,259761,305117,85.13,72.61,14.29,84393,45.36,2780,1.490000000000002,新北市12,1,6.1181632751533614,0,,,0,0
331,208,10,賴士葆,1,中國國民黨,中國國民黨,臺北市第8選舉區,2020-02-01,否,,,1,1,1951-06-20,68,臺中市,6,1,192834,195754,254363,312392,81.42,76.96,11.11,96377,49.98,28907,14.989999999999995,臺北市8,1,8.925169809707409,5,,,0,0
332,209,10,賴惠員,2,民主進步黨,民主進步黨,臺南市第1選舉區,2020-02-01,否,,,16,16,1961-06-05,58,臺灣省,5,2,178550,182315,250801,295001,85.02,72.69,14.29,99344,55.64,30776,17.240000000000002,臺南市1,1,5.857647399373643,0,,,0,0
333,212,10,賴瑞隆,1,民主進步黨,民主進步黨,高雄市第8選舉區,2020-02-01,否,,,16,16,1973-11-15,46,臺灣省,5,1,233953,237088,305923,367673,83.21,77.5,25.0,135052,57.73,51904,22.189999999999998,高雄市8,1,8.440979311085945,1,,,0,0
334,213,10,賴香伶,2,台灣民眾黨,台灣民眾黨,全國不分區及僑居國外國民,2020-02-01,否,,,350,350,1968-01-05,51,臺灣省,5,2,,,,,,,,,,,,全國不分區及僑居國外國民,2,,0,,,0,0
335,214,10,趙天麟,1,民主進步黨,民主進步黨,高雄市第6選舉區,2020-02-01,否,,,16,16,1973-03-08,46,臺北市,5,1,241908,245539,317268,381412,83.18,77.39,10.0,128072,52.94,35735,14.769999999999996,高雄市6,1,9.3791003853306,2,,,0,0
336,215,10,趙正宇,1,無黨籍,民主進步黨,桃園市第6選舉區,2020-02-01,否,,,999,16,1966-03-29,53,桃園市,5,1,197648,201745,270879,337766,80.2,74.48,50.0,115496,58.44,33344,16.879999999999995,桃園市6,1,6.3068772954855294,1,,,0,0
337,217,10,邱志偉,1,民主進步黨,民主進步黨,高雄市第2選舉區,2020-02-01,否,,,16,16,1972-07-24,47,臺灣省,6,1,200207,204055,260269,313739,82.96,78.4,33.33,126469,63.17,55602,27.770000000000003,高雄市2,1,7.135639575186451,2,,,0,0
338,220,10,邱泰源,1,民主進步黨,民主進步黨,全國不分區及僑居國外國民,2020-02-01,否,,,16,16,1956-10-30,63,臺灣省,5,1,,,,,,,,,,,,全國不分區及僑居國外國民,2,,1,,,0,0
339,221,10,邱臣遠,1,台灣民眾黨,台灣民眾黨,全國不分區及僑居國外國民,2020-02-01,否,,,350,350,1981-12-11,38,臺北市,5,2,,,,,,,,,,,,全國不分區及僑居國外國民,2,,0,,,0,0
340,222,10,邱議瑩,2,民主進步黨,民主進步黨,高雄市第1選舉區,2020-02-01,否,,,16,16,1971-06-01,48,臺灣省,5,1,163742,166731,222799,259574,85.83,74.83,20.0,91561,55.92,36188,22.1,高雄市1,1,4.533029508210409,4,,,0,0
341,224,10,邱顯智,1,時代力量,時代力量,全國不分區及僑居國外國民,2020-02-01,否,,,267,267,1976-04-29,43,臺灣省,5,2,,,,,,,,,,,,全國不分區及僑居國外國民,2,,0,,,0,0
342,225,10,郭國文,1,民主進步黨,民主進步黨,臺南市第2選舉區,2020-02-01,否,,,16,16,1967-03-11,52,臺南市,6,1,187757,191450,254746,303550,83.92,75.15,33.33,120097,63.96,53827,28.660000000000004,臺南市2,1,5.618406123918725,1,,,0,0
343,230,10,鄭天財 Sra Kacaw,1,中國國民黨,中國國民黨,平地原住民選舉區,2020-02-01,否,,,1,1,1956-12-16,63,臺灣省,4,1,,,,,,,,,,,,平地原住民,3,,2,,,0,0
344,232,10,鄭正鈐,1,中國國民黨,中國國民黨,新竹市選舉區,2020-02-01,否,,,1,1,1969-05-31,50,臺灣省,6,2,257790,261478,340854,444189,76.74,76.71,16.67,95298,36.97,13287,5.16,新竹市,1,8.093376722415185,0,,,0,0
345,235,10,鄭運鵬,1,民主進步黨,民主進步黨,桃園市第1選舉區,2020-02-01,否,,,16,16,1973-06-02,46,臺北市,4,1,227105,230633,311150,397712,78.24,74.12,20.0,104735,46.12,6948,3.059999999999995,桃園市1,1,7.59965167764043,2,,,0,0
346,238,10,鄭麗文,2,中國國民黨,中國國民黨,全國不分區及僑居國外國民,2020-02-01,否,,,1,1,1969-11-12,50,臺灣省,5,2,,,,,,,,,,,,全國不分區及僑居國外國民,2,,1,,,0,0
347,239,10,鍾佳濱,1,民主進步黨,民主進步黨,屏東縣第1選舉區,2020-02-01,否,,,16,16,1965-02-23,54,高雄市,5,1,241913,245031,323633,383199,84.46,75.71,16.67,119871,49.55,29404,12.149999999999999,屏東縣1,1,5.757449615905137,1,,,0,0
348,242,10,陳亭妃,2,民主進步黨,民主進步黨,臺南市第3選舉區,2020-02-01,否,,,16,16,1974-07-19,45,臺南市,6,1,196086,200635,263159,324497,81.1,76.24,25.0,136815,69.77,83929,42.8,臺南市3,1,7.712886491207451,3,,,0,0
349,243,10,陳以信,1,中國國民黨,中國國民黨,全國不分區及僑居國外國民,2020-02-01,否,,,1,1,1972-10-31,47,臺灣省,6,2,,,,,,,,,,,,全國不分區及僑居國外國民,2,,0,,,0,0
350,247,10,陳培瑜,2,民主進步黨,民主進步黨,全國不分區及僑居國外國民,2023-02-06,否,,,16,16,1977-08-09,42,臺北市,5,2,,,,,,,,,,,,全國不分區及僑居國外國民,2,,0,,,0,0
351,251,10,陳明文,1,民主進步黨,民主進步黨,嘉義縣第2選舉區,2020-02-01,否,,,16,16,1954-05-13,65,臺灣省,4,1,156344,162134,222860,262683,84.84,72.75,16.67,72141,46.14,7726,4.939999999999998,嘉義縣2,1,5.085309772421717,4,,,0,0
352,254,10,陳柏惟,1,台灣基進,0無,臺中市第2選舉區,2020-02-01,是,2021-10-28,110.10.28中選會公告罷免投票通過，自公告日起解除職務。,303,999,1985-07-10,34,高雄市,4,2,220605,224732,291122,365586,79.63,77.2,50.0,112839,51.15,5073,2.299999999999997,臺中市2,1,7.032500687638496,0,,,0,0
353,256,10,陳椒華,2,時代力量,時代力量,全國不分區及僑居國外國民,2020-02-01,否,,,267,267,1959-10-29,60,新北市,5,2,,,,,,,,,,,,全國不分區及僑居國外國民,2,,0,,,0,0
354,257,10,陳歐珀,1,民主進步黨,民主進步黨,宜蘭縣選舉區,2020-02-01,否,,,16,16,1962-10-12,57,臺灣省,5,1,262850,268198,362603,436820,83.01,73.96,16.67,121526,46.23,32146,12.229999999999997,宜蘭縣,1,5.130785895226717,2,,,0,0
355,259,10,陳玉珍,2,中國國民黨,中國國民黨,金門縣選舉區,2020-02-01,否,,,1,1,1973-10-29,46,金馬地區,5,1,46903,47890,119092,139018,85.67,40.21,10.0,21875,46.64,8074,17.22,金門縣,1,6.666014873135504,1,,,0,0
356,260,10,陳琬惠,2,台灣民眾黨,台灣民眾黨,全國不分區及僑居國外國民,2022-12-28,否,,,350,350,1974-09-11,45,臺南市,5,2,,,,,,,,,,,,全國不分區及僑居國外國民,2,,0,,,0,0
357,261,10,陳瑩,2,民主進步黨,民主進步黨,平地原住民選舉區,2020-02-01,否,,,16,16,1972-11-15,47,臺灣省,5,1,,,,,,,,,,,,平地原住民,3,,3,,,0,0
358,265,10,陳秀寳,2,民主進步黨,民主進步黨,彰化縣第1選舉區,2020-02-01,否,,,16,16,1972-10-11,47,臺灣省,4,2,184881,189184,253540,315726,80.3,74.62,50.0,96191,52.03,7501,4.060000000000002,彰化縣1,1,7.149720584536935,0,,,0,0
359,267,10,陳素月,2,民主進步黨,民主進步黨,彰化縣第4選舉區,2020-02-01,否,,,16,16,1966-01-18,53,臺灣省,5,1,194183,198634,263751,323451,81.54,75.31,14.29,103740,53.42,25137,12.940000000000005,彰化縣4,1,6.614792622086431,2,,,0,0
360,269,10,陳超明,1,中國國民黨,中國國民黨,苗栗縣第1選舉區,2020-02-01,否,,,1,1,1951-12-17,68,臺灣省,4,1,149070,151934,206005,251625,81.87,73.75,16.67,73154,49.07,16532,11.090000000000003,苗栗縣1,1,5.969857793353923,3,,,0,0
361,271,10,陳雪生,1,中國國民黨,中國國民黨,連江縣選舉區,2020-02-01,否,,,1,1,1952-01-01,67,金馬地區,3,1,6000,6069,10583,12865,82.26,57.35,20.0,2938,48.97,740,12.339999999999996,連江縣,1,5.906641682667704,2,,,0,0
362,272,10,陳靜敏,2,民主進步黨,民主進步黨,全國不分區及僑居國外國民,2022-12-28,否,,,16,16,1966-05-02,53,臺北市,6,2,,,,,,,,,,,,全國不分區及僑居國外國民,2,,1,,,0,0
363,276,10,馬文君,2,中國國民黨,中國國民黨,南投縣第1選舉區,2020-02-01,否,,,1,1,1965-12-01,54,臺灣省,5,1,137171,139041,188443,223997,84.13,73.78,50.0,73480,53.57,9789,7.140000000000001,南投縣1,1,4.553876891600541,3,,,0,0
364,277,10,高嘉瑜,2,民主進步黨,民主進步黨,臺北市第4選舉區,2020-02-01,否,,,16,16,1980-10-17,39,臺灣省,5,2,249658,252359,324765,402232,80.74,77.71,14.29,125138,50.12,6706,2.6799999999999997,臺北市4,1,8.712671155226383,0,,,0,0
365,280,10,高虹安,2,台灣民眾黨,台灣民眾黨,全國不分區及僑居國外國民,2020-02-01,是,2022-12-25,辭職,350,350,1984-01-25,35,臺北市,6,2,,,,,,,,,,,,全國不分區及僑居國外國民,2,,0,,,0,0
366,281,10,高金素梅,2,無黨籍,中國國民黨,山地原住民選舉區,2020-02-01,否,,,999,1,1965-09-21,54,臺中市,2,1,,,,,,,,,,,,山地原住民,4,,5,,,0,0
367,283,10,魯明哲,1,中國國民黨,中國國民黨,桃園市第3選舉區,2020-02-01,否,,,1,1,1963-12-04,56,臺北市,5,2,211681,214446,283912,359510,78.97,75.53,16.67,100463,47.46,10315,4.869999999999997,桃園市3,1,8.281698680042997,0,,,0,0
368,284,10,黃世杰,1,民主進步黨,民主進步黨,桃園市第2選舉區,2020-02-01,否,,,16,16,1979-01-05,40,臺北市,5,2,216810,220217,296132,371904,79.63,74.36,20.0,111963,51.64,12682,5.850000000000001,桃園市2,1,6.742031218535414,0,,,0,0
369,289,10,黃國書,1,無黨籍,0無,臺中市第6選舉區,2020-02-01,否,,,999,999,1964-01-03,55,臺灣省,5,1,202324,205815,268406,333634,80.45,76.68,20.0,113128,55.91,32650,16.129999999999995,臺中市6,1,9.37877258350921,2,2021-10-17,2,0,0
370,294,10,黃秀芳,2,民主進步黨,民主進步黨,彰化縣第2選舉區,2020-02-01,否,,,16,16,1971-11-10,48,臺灣省,4,1,184024,186677,241162,299131,80.62,77.41,33.33,83013,45.11,4836,2.6300000000000026,彰化縣2,1,7.451154573179616,1,,,0,0
371,8,10,傅崐萁,1,無黨籍,0無,花蓮縣選舉區,2020-02-01,否,,,999,999,1962-05-08,57,臺中市,5,2,139354,140751,197162,233092,84.59,71.39,16.67,64060,45.97,7575,5.439999999999998,花蓮縣,1,3.751854253275325,3,2021-11-19,1,0,0
372,61,8,徐欣瑩,2,中國國民黨,中國國民黨,新竹縣選舉區,2012-02-01,否,,,1,1,1972-04-23,40,臺灣省,6,2,277903,282249,368840,497670,74.11,76.52,25.0,171466,61.69,68513,24.65,新竹縣,1,6.554203987121582,0,2015-02-12,1,0,0
373,99,9,林昶佐,1,時代力量,時代力量,臺北市第5選舉區,2016-02-01,否,,,267,267,1976-02-01,39,臺北市,4,2,166895,170046,248868,304815,81.65,68.33,14.29,82650,49.52,6571,3.940000000000005,臺北市5,1,10.066978454589844,0,2019-08-01,1,0,0
374,132,9,洪慈庸,2,時代力量,時代力量,臺中市第3選舉區,2016-02-01,否,,,267,267,1982-12-20,33,臺中市,4,2,173476,175309,243934,314283,77.62,71.87,33.33,93451,53.86,15117,8.71,臺中市3,1,7.760326385498047,0,2019-08-13,1,0,0
375,193,10,蘇震清,1,民主進步黨,民主進步黨,屏東縣第2選舉區,2020-02-01,否,,,16,16,1965-02-02,54,臺灣省,5,1,229806,235491,317010,376185,84.27,74.29,11.11,107956,46.98,16788,7.309999999999995,屏東縣2,1,5.19750206130922,3,2021-02-26,1,0,0
376,259,9,陳玉珍,2,無黨籍,中國國民黨,金門縣選舉區,2019-03-21,否,,,999,1,1973-10-29,45,金馬地區,5,2,24803,24968,117730,131568,89.48,18.98,16.67,7117,28.689999999999998,1097,4.42,金門縣,1,6.682597160339356,0,2019-08-14,1,0,0
377,271,8,陳雪生,1,無黨籍,0無,連江縣選舉區,2012-02-01,否,,,999,999,1952-01-01,60,金馬地區,2,2,5057,5156,7772,9977,77.9,66.34,33.33,2528,49.99,167,3.3100000000000023,連江縣,1,6.348964214324951,0,2015-07-08,1,0,0
378,289,10,黃國書,1,民主進步黨,民主進步黨,臺中市第6選舉區,2020-02-01,否,,,16,16,1964-01-03,55,臺灣省,5,1,202324,205815,268406,333634,80.45,76.68,20.0,113128,55.91,32650,16.129999999999995,臺中市6,1,9.37877258350921,2,2021-10-17,1,0,0
